1,Henrietta,548520372-8
2,Leann,734886639-5
3,Bradney,359001040-1
4,Wylma,097751700-4
5,Dedra,732830611-4
6,Riordan,339856042-3
7,Katha,901343316-2
8,Siegfried,758449813-2
9,Charla,245550420-4
10,Jaclyn,470195070-X
11,Celene,664856246-3
12,Angeli,643535771-4
13,Jackson,996686218-8
14,Harry,655755547-2
15,Noble,916393217-2
16,Dane,506491624-8
17,Dalila,385335121-2
18,Barney,348927745-7
19,Cheston,815207702-X
20,Annette,346042584-9
21,Brunhilde,412391163-3
22,Eberhard,812236624-4
23,Ivy,968949998-X
24,Glynis,194421763-0
25,Selinda,081503055-X
26,Koren,788727046-4
27,Dorelle,852078786-X
28,Allegra,004371066-2
29,Loni,995301770-0
30,Brody,847040349-4
31,Justine,370428398-3
32,Harvey,234564815-5
33,Cesya,566184905-2
34,Damien,428335652-2
35,Idalina,597701083-4
36,Shellysheldon,779407099-6
37,Lorrin,410515154-1
38,Ronny,368873319-3
39,Ezekiel,257363569-4
40,Ferd,505529584-8
41,Leonard,702451632-1
42,Marjory,146775543-5
43,Callie,792706300-6
44,Westbrook,814718085-3
45,Rhonda,081570578-6
46,Nonnah,678989131-5
47,Reeva,576416959-3
48,La verne,743207487-9
49,Scarface,805572005-3
50,Tabatha,121106361-5
51,Paulie,424016240-8
52,Agosto,029486299-4
53,Lucienne,123294326-6
54,Veriee,112465361-9
55,Neile,228489989-7
56,Blinni,264122300-7
57,Kimbell,910685661-6
58,Hastings,066500633-0
59,Harley,296654671-9
60,Sarita,772135547-8
61,Giacobo,881491580-6
62,Cecilio,559518913-4
63,Hamish,366765310-7
64,Ailyn,198875798-3
65,Kare,406744055-3
66,Lowell,115202799-9
67,Guendolen,482899846-2
68,Ursola,294991646-5
69,Brien,388156570-1
70,Alyss,935478168-3
71,Berty,425723560-8
72,Lindie,815207185-4
73,Tanya,151336638-6
74,Haley,034778307-4
75,Jayson,710399102-2
76,Cornela,794538464-1
77,Emmie,522738109-7
78,Jermaine,799500047-2
79,Juieta,759979958-3
80,Lucius,329252037-1
81,Stormy,489174170-8
82,Alysia,246883758-4
83,Bernadene,875607062-4
84,Catherine,733510457-2
85,Reiko,609879037-X
86,Ainslee,986189384-9
87,Etan,970029533-8
88,Ynez,887793231-7
89,Robena,692675455-1
90,Alvis,604163265-1
91,Merla,439264827-3
92,Jules,741132080-3
93,Sigfrid,024066174-5
94,Brendin,470307772-8
95,Ebenezer,557039258-0
96,Ermina,554083715-0
97,Golda,987291882-1
98,Adaline,911164632-2
99,Rayna,824446398-8
100,Weylin,532846062-6
101,Turner,123789198-1
102,Vite,819600031-6
103,Francisco,394972654-3
104,George,272674224-6
105,Eugenie,249384596-X
106,Frasquito,315515265-6
107,Norry,806387355-6
108,Etti,581846368-0
109,Dorey,802701273-2
110,Loralyn,347248736-4
111,Gabie,923607593-2
112,Sven,594973901-9
113,Minnie,259354519-4
114,Stafford,650105742-6
115,Allene,809004092-6
116,Gnni,052791424-X
117,Clara,510886004-8
118,Angelika,147968331-0
119,Laurena,802504370-3
120,Sondra,627259307-4
121,Joye,402780334-5
122,Desdemona,457784466-4
123,Nerta,030950455-4
124,Cornie,730046018-6
125,Anstice,969574155-X
126,Hermione,594733769-X
127,Calv,623954066-8
128,Faulkner,692077214-0
129,Dido,454320032-2
130,Fae,996148541-6
131,Giulio,238061145-9
132,Cherrita,034203251-8
133,Siobhan,859203444-2
134,Brigham,052333467-2
135,Abbot,508224603-8
136,Michel,739232790-9
137,Ives,271944912-1
138,Megan,400511524-1
139,Kelcy,278726313-5
140,Lorene,514151858-2
141,Otto,645185273-2
142,Darcie,021718230-5
143,Kari,708558819-5
144,Rochester,726612469-7
145,Aubrey,692174515-5
146,Raychel,640338290-X
147,Devonne,829666993-5
148,Marylinda,441773010-5
149,Evelina,131587312-5
150,Niall,513563720-6
151,Earvin,026594987-4
152,Cynthea,001739395-7
153,Kiah,459983515-3
154,Cortie,074688087-1
155,Tine,906296452-4
156,Yolane,751153952-1
157,Major,851701706-4
158,Rivkah,514182367-9
159,Harbert,450834106-3
160,Emilie,805318415-4
161,Tabbitha,314591663-7
162,Templeton,866860449-X
163,Joan,932486222-7
164,Pail,391401053-3
165,Diena,001447257-0
166,Martguerita,599982219-X
167,Russell,394447733-2
168,Neely,950988099-X
169,Bo,762435659-7
170,Derron,029779625-9
171,Theodore,886536592-7
172,Daryn,747352052-0
173,Ashly,670140854-0
174,Ulick,120860797-9
175,Ramon,839808603-3
176,Eloise,603587588-2
177,Alfy,669372570-8
178,Denny,684678736-4
179,Philis,114806610-1
180,Basia,537928346-2
181,Cherlyn,799604190-3
182,Anthiathia,430619048-X
183,Teddie,972912049-8
184,Marci,180979623-7
185,Maiga,509382800-9
186,Court,469317940-X
187,Vail,957554998-8
188,Ricky,950384843-1
189,Roxanne,316363053-7
190,Karel,872723765-6
191,Marji,753234650-1
192,Stacee,232286787-X
193,Gwendolin,338593524-5
194,Petrina,194318316-3
195,Weston,525576128-1
196,Ricoriki,907569229-3
197,Cynthie,388848034-5
198,Peyter,024190329-7
199,Cindee,732279120-7
200,Sibyl,994060477-7
201,Bernette,337985262-7
202,Verine,572812398-8
203,Tait,823967864-5
204,Stinky,487160608-2
205,Juliana,585881501-4
206,Costa,846167300-X
207,Hanan,910147007-8
208,Merwin,128498938-0
209,Quinlan,322389041-6
210,Benito,102849619-2
211,Salomo,816322876-8
212,Grady,710451557-7
213,Christiana,154532511-1
214,Auberta,862485380-X
215,Waverley,984182758-1
216,Kipp,498418309-8
217,Dasha,962787977-0
218,Tadeas,896731009-9
219,Rica,479397132-6
220,Jase,371364183-8
221,Edna,180542320-7
222,Georgi,057483070-7
223,Karol,737196891-3
224,Rutter,888331188-4
225,Terry,542628646-9
226,Janna,878361703-5
227,Reinhold,964443999-6
228,Twila,156591590-9
229,Harri,488596447-4
230,Kennedy,179562887-1
231,Ogdon,842682247-9
232,Berti,218788206-3
233,Muhammad,124155457-9
234,Lavena,351244965-4
235,Fancie,842172241-7
236,Holt,296490654-8
237,Maria,918441532-0
238,Hope,439410375-4
239,Barbara,185625011-3
240,Onfre,753251641-5
241,Arni,666404512-5
242,Lorne,740632496-0
243,Foss,510756366-X
244,Elisa,625728361-2
245,Bea,127209600-9
246,Edi,892682152-8
247,Sallie,003107620-3
248,Bryan,661803248-2
249,Tiphani,310617534-6
250,Napoleon,527183878-1
251,Jorry,683071846-5
252,Lulu,815413856-5
253,Roth,935369480-9
254,Alethea,367519996-7
255,Lorita,066527091-7
256,Hayley,570357731-4
257,Adina,366465610-5
258,Brittni,304408529-2
259,Nelia,687331208-8
260,Sybil,084950962-9
261,Myca,419830281-2
262,Druci,249063538-7
263,Lisa,290137865-X
264,Avrit,445382714-8
265,Tiphanie,793201285-6
266,Zolly,749948305-3
267,Jacquelyn,694170593-0
268,Sebastian,922799967-1
269,Teodorico,045377994-8
270,Arluene,010002334-7
271,Rhoda,456718573-0
272,Annalee,699726197-3
273,Eleanora,945047194-0
274,Tull,512400374-X
275,Joannes,509903722-4
276,Barthel,691226813-7
277,Cecil,481227166-5
278,Delora,028539347-2
279,Jessa,996428230-3
280,Gratiana,036254542-1
281,Vanda,694395586-1
282,Darlene,647220617-1
283,Hazel,267164319-5
284,Charlotte,464474789-0
285,Whitaker,223501463-1
286,Delmar,657746234-8
287,Dela,132004581-2
288,Gallagher,762691587-9
289,Giorgia,623885024-8
290,Zolly,562977866-8
291,Darcee,196008866-1
292,Christie,064861368-2
293,Urbano,717955856-7
294,Walker,221935761-9
295,Marina,850870245-0
296,Peyton,605048710-3
297,Carri,743088459-8
298,Kiersten,267830122-2
299,Nikolia,352723694-5
300,Robbert,075884519-7
301,Julina,667031761-1
302,Hazlett,086673571-2
303,Helenka,846383243-1
304,Nerti,492924719-5
305,Steve,850273629-9
306,Benedikta,571350812-9
307,Franky,440043825-2
308,Bronson,929774898-8
309,Haywood,853001522-3
310,Stoddard,643023069-4
311,Melamie,778466494-X
312,Frederigo,396419425-5
313,Hunt,569522979-0
314,Chane,346642954-4
315,Megan,808338829-7
316,Abagael,499860551-8
317,Valentino,305358071-3
318,Catriona,652271857-X
319,Clemence,117445903-4
320,Davide,422648742-7
321,Audie,467254810-4
322,Earlie,858716490-2
323,Dotty,669043115-0
324,Daffi,255698813-4
325,Romola,320082094-2
326,Olympia,396095562-6
327,Tobey,330910988-7
328,Maddi,211234859-0
329,Emyle,476787673-7
330,Mikey,164929519-7
331,Terza,372459858-0
332,Nealson,214872518-1
333,Olly,460144127-7
334,Hubert,419305808-5
335,Ole,468526118-6
336,Emmye,100403683-3
337,Frazier,429030216-5
338,Billy,712104876-0
339,Jaime,390739229-9
340,Hyacinth,045287360-6
341,Pierette,534597892-1
342,Gaston,170541716-7
343,Leopold,409752705-3
344,Aldwin,463368631-3
345,Flor,754731325-6
346,Becky,289760640-1
347,Morris,579561811-X
348,Joyan,720287576-4
349,Reeta,242618097-8
350,Othilia,517028285-0
351,Kanya,600389339-7
352,Ajay,832876448-2
353,Leonerd,602989271-1
354,Sarajane,040476393-6
355,Nerti,752256939-7
356,Susette,084608852-5
357,Jarrid,975477547-8
358,Karly,722635696-1
359,Mei,710986015-9
360,Merry,619179334-0
361,Francesco,830152442-1
362,Margarete,333422274-8
363,Ulberto,837238871-7
364,Otho,730245891-X
365,Domingo,071266884-5
366,Franni,249445966-4
367,Bethena,420853201-7
368,Gregoor,080104916-4
369,Edvard,832412832-8
370,Roxine,045448872-6
371,Hartley,813005721-2
372,Godwin,726481798-9
373,Granny,846248955-5
374,Lemuel,902901094-0
375,Rosene,442423143-7
376,Kellia,006693468-0
377,Camile,108278317-X
378,Tiebold,759583925-4
379,Honoria,493641417-4
380,Delores,659024389-1
381,Drucie,955286456-9
382,Valera,657971203-1
383,Sile,500744424-3
384,Loralee,199436771-7
385,Jeane,653912777-4
386,Warren,608293353-2
387,Connor,013141170-5
388,Ronnie,070826958-3
389,Pollyanna,001434347-9
390,Edwin,036336846-9
391,Glynnis,944526014-7
392,Lila,064948994-2
393,Augie,521188867-7
394,Stewart,759461913-7
395,Babs,450422333-3
396,Jan,601105401-3
397,Ketty,557169127-1
398,Clywd,448671783-X
399,Ogdan,430702304-8
400,Bertie,901447209-9
401,Denise,674025684-5
402,Andriana,649416225-8
403,Obidiah,536885467-6
404,Damian,786507800-5
405,Daryl,398606731-0
406,Fidelia,334386177-4
407,Katherina,171708854-6
408,Keenan,736791148-1
409,Maddalena,393376879-9
410,Marie-ann,870293372-1
411,Hobey,982802870-0
412,Candie,970735151-9
413,Deonne,646434681-4
414,Meggie,107447991-2
415,Dalton,597123516-8
416,Alexander,991825361-4
417,Misha,972843497-9
418,Roosevelt,085331302-4
419,Efrem,577455877-0
420,Ashton,690856569-6
421,Web,308973816-3
422,Seana,482731181-1
423,Chas,973394655-9
424,Jaquenetta,082456709-9
425,Lenci,087584820-6
426,Mavra,105848820-1
427,Vincent,761596949-2
428,Sarina,885534826-4
429,Dulcy,860077348-2
430,Robers,697458133-5
431,Jeremy,264917180-4
432,Marnie,209863003-4
433,Vassily,491460990-8
434,Mandel,602201172-8
435,Paulie,227956366-5
436,Alanna,177881547-2
437,Cthrine,438426794-0
438,Bea,934522663-X
439,Genni,736934850-4
440,Rickey,187627180-9
441,Tamra,939341974-4
442,Merrielle,729303280-3
443,Sydelle,789192241-1
444,Alma,940845277-1
445,Joshua,665980869-8
446,Buckie,363587953-3
447,Seymour,377105492-3
448,Idelle,125306772-4
449,Freeland,358087007-6
450,Aldous,421917479-6
451,Cris,290801619-2
452,Jesse,458643786-3
453,Lemuel,986950793-X
454,Rudie,346386391-X
455,Doralyn,219298908-3
456,Laney,479205964-X
457,Laura,857778176-3
458,Glenda,686498582-2
459,Betta,706039982-8
460,Eunice,185203611-7
461,Karil,917948061-6
462,Cassie,889094715-2
463,Leif,919026603-X
464,Catharina,114717052-5
465,Horten,162351534-3
466,Kayla,222553586-8
467,Graehme,893001736-3
468,Zolly,958177997-3
469,Vance,132928071-7
470,Antonin,094617822-4
471,Tedda,880585555-3
472,Merrili,998411729-4
473,Nicolais,732129299-1
474,Akim,732625661-6
475,Jorie,638232382-9
476,Judd,509538003-X
477,Dall,462369759-2
478,Ilse,512539061-5
479,Dagmar,617774030-8
480,Susy,834163564-X
481,Blondelle,192329643-4
482,Dixie,791269783-7
483,Renault,193250767-1
484,Truman,011205970-8
485,Ollie,055208459-X
486,Damaris,197458954-4
487,Sisile,529844776-7
488,Mylo,927031352-2
489,Osbourn,157736964-5
490,Robbie,765748129-3
491,Maible,558995335-9
492,Micheal,230084094-4
493,Devlen,900731882-9
494,Tyson,387745944-7
495,Billy,313371749-9
496,Alonzo,580177171-9
497,Helaina,939402279-1
498,Fredrick,365005099-4
499,Wylie,663271234-7
500,Kim,560152247-2
501,Ree,467662542-1
502,Anica,621556125-8
503,Fidelity,402675087-6
504,Kora,914160626-4
505,Gary,384853246-8
506,La verne,917787440-4
507,Jamie,216717980-4
508,Nobie,904479667-4
509,Neille,244540654-4
510,Dominik,318873671-1
511,Zebulon,414470095-X
512,Barbabra,026260227-X
513,Gilbertine,927791544-7
514,Delmar,582606158-8
515,Abbey,170475629-4
516,Britt,865174663-6
517,Eldon,336337578-6
518,Sergeant,068789946-X
519,Donica,225424880-4
520,Kristen,167818013-0
521,Heidi,537496262-0
522,Jenine,548007603-5
523,Sheelagh,016208451-X
524,Erl,325582177-0
525,Danna,765015870-5
526,Cullie,193153602-3
527,Alford,420080050-0
528,Lilah,991721167-5
529,Pandora,038091549-9
530,Petr,957093771-8
531,Michal,831760004-1
532,Woodie,810817754-5
533,Sharline,734755943-X
534,Constantia,549638461-3
535,Sunny,594995404-1
536,Gilburt,263861514-5
537,Tobias,084379588-3
538,Ferdie,437919742-5
539,Cam,668083123-7
540,Glen,838703866-0
541,Jesus,630172572-7
542,Mareah,878924745-0
543,Cordie,029916700-3
544,Harry,264481436-7
545,Latisha,188282473-3
546,Kit,238047346-3
547,Carrissa,964619936-4
548,Lyman,587667842-2
549,Jean,936341286-5
550,Starlene,083097895-X
551,Tiphany,344511512-5
552,Hally,108983842-5
553,Shurwood,138013535-4
554,Mariquilla,227775188-X
555,Rycca,567568343-7
556,Meridel,188595547-2
557,Cullin,743544762-5
558,Bennett,820074518-X
559,Trude,338468623-3
560,Hymie,922437196-5
561,Sterling,133377975-5
562,Valentine,115644540-X
563,Hart,970264127-6
564,Thornton,297873120-6
565,Harlin,209648142-2
566,Albert,419582191-6
567,Boy,164359785-X
568,Tyrone,933691004-3
569,Reese,638154451-1
570,Corney,704303726-3
571,Laurette,137867153-8
572,Brit,319840084-8
573,Bradney,224614371-3
574,Clevie,385992721-3
575,Winnie,417067472-3
576,Karol,441409736-3
577,Vikky,721603465-1
578,Aleece,477049337-1
579,Herschel,525043073-2
580,Erin,239181599-9
581,Lionello,298614011-4
582,Jewell,708458076-X
583,Clementina,048106593-8
584,Brinn,246557604-6
585,Thacher,543356648-X
586,Olin,110319241-8
587,Jamesy,364719287-2
588,Elenore,495513578-1
589,Fletcher,418068702-X
590,Adore,529360218-7
591,Brena,299566104-0
592,Austina,556348957-4
593,Trumann,220334285-4
594,Savina,540660108-3
595,Hurley,985902604-1
596,Gabrielle,838689224-2
597,Rutherford,268068562-8
598,Pier,956564741-3
599,Astrid,779167795-4
600,Odelle,208765908-7
601,Katie,057926872-1
602,Jule,625090084-5
603,Stefanie,096920397-7
604,Viole,450619020-3
605,Eldon,077901323-9
606,Jeralee,184877251-3
607,Ester,381918243-8
608,Glyn,657754597-9
609,Salvidor,915687357-3
610,Jonathan,690096812-0
611,Shane,440981207-6
612,Kennith,281015473-2
613,Farica,037423360-8
614,Martie,722329040-4
615,Raynard,647790722-4
616,Gus,756192096-2
617,Frieda,402107395-7
618,Georg,264767695-X
619,Sherwynd,408645691-5
620,Filia,840220347-7
621,Rolando,805312820-3
622,Leona,062372419-7
623,Cordey,942985082-2
624,Blake,247923564-5
625,Neel,769137613-8
626,Yancey,456262660-7
627,Philbert,759862234-5
628,Allene,872370666-X
629,Liuka,771871521-3
630,Saundra,792324961-X
631,Grace,432085273-7
632,Robinet,140886266-2
633,Meredeth,282364528-4
634,Emmalyn,610632175-2
635,Hobie,559546432-1
636,Gene,716052670-8
637,Darcy,720495089-5
638,Ogden,015915121-X
639,Pris,108066930-2
640,Glen,189736536-5
641,Selene,012702175-2
642,Ilario,734607699-0
643,Quintin,250994014-7
644,Maddie,656531779-8
645,Adaline,198296499-5
646,Theo,221659866-6
647,Herc,791909941-2
648,Lavina,718224290-7
649,Bryan,394156399-8
650,Ezri,641897649-5
651,Roxanna,361818577-4
652,Filberto,712343004-2
653,Pennie,744124677-6
654,Arvy,191329967-8
655,Selene,457782171-0
656,Carmen,125601672-1
657,Zeke,450164312-9
658,Bill,772039703-7
659,Jack,562094840-4
660,Jsandye,695115632-8
661,Candis,583154412-5
662,Remy,465430436-3
663,Jerry,949337142-5
664,Andie,570369418-3
665,Maisie,088000562-9
666,Pablo,718022367-0
667,Rhona,368856295-X
668,Stephen,250973032-0
669,Effie,066572505-1
670,Caralie,729093120-3
671,Birgit,381403507-0
672,Blair,686585429-2
673,Jeannette,315983609-6
674,Jennette,676893428-7
675,Fabio,446978920-8
676,Yankee,687966418-0
677,Roch,473835356-X
678,Krisha,659639581-2
679,Maxim,720097286-X
680,Carolee,276427960-4
681,Natty,129945986-2
682,Louella,387287263-X
683,Nata,413017805-9
684,Mignon,799384105-4
685,Jilly,235033463-5
686,Magda,727915683-5
687,Omero,459882754-8
688,Maegan,162513093-7
689,Aleta,295479207-8
690,Denise,610099277-9
691,Marion,377408572-2
692,Gerri,909668653-5
693,Aimil,865103408-3
694,Jard,050810190-5
695,Griffin,339367961-9
696,Grete,891202787-5
697,Kinny,782691872-3
698,Issy,812155026-2
699,Jermaine,552400660-6
700,Torrey,101190979-0
701,Willabella,290731337-1
702,Gannie,001627034-7
703,Michaelina,556292384-X
704,Hedwig,760373407-X
705,Gwendolin,328057829-9
706,Lonnie,195352773-6
707,Valery,844892354-5
708,Darline,113639008-1
709,Duffie,909938708-3
710,Neddy,498828020-9
711,Norris,276365389-8
712,Frieda,309716825-7
713,Barty,527367458-1
714,Cathe,838421969-9
715,Mamie,921541055-4
716,Isahella,936738328-2
717,Anne,514490896-9
718,Prudi,675123105-9
719,Karon,042205876-9
720,Antonin,908691797-6
721,Brandtr,149512446-0
722,Coletta,048992418-2
723,Isak,695618743-4
724,Aila,904085347-9
725,Terrel,031230278-9
726,Devan,151523736-2
727,Hiram,286762918-7
728,Garold,728447590-0
729,Fae,956289700-1
730,Maris,307860758-5
731,Patsy,258927761-X
732,Gayle,071678327-4
733,Ignace,024964195-X
734,Burke,165542873-X
735,Gilly,432336141-6
736,Junie,450529413-7
737,Larisa,612439036-1
738,Sibilla,933872839-0
739,Kiersten,669577044-1
740,Boycie,348990295-5
741,Beitris,928061595-5
742,Danya,150708928-7
743,Cart,808288752-4
744,Arty,361824503-3
745,Benji,194634416-8
746,Wain,234115221-X
747,Mireille,008742328-6
748,Aldus,925743888-0
749,Claribel,744664209-2
750,Ingar,565330780-7
751,Madelene,561110193-3
752,Fiorenze,324417143-5
753,Umeko,839983707-5
754,Beltran,765301864-5
755,Nicki,506682404-9
756,Isabel,273962668-1
757,Georas,004276348-7
758,Lizzy,480453430-X
759,Staford,806519909-7
760,Estell,158117575-2
761,Ellie,857597200-6
762,Rod,385242403-8
763,Henry,971153694-3
764,Eunice,733781984-6
765,Gardiner,521321891-1
766,Dela,152562127-0
767,Maryjane,630835562-3
768,Craggy,244582416-8
769,Michelle,106074819-3
770,Korey,320375667-6
771,Regina,629571380-7
772,Heath,916857923-3
773,Margot,685866301-0
774,Robinetta,257389053-8
775,Morlee,922993240-X
776,Monroe,319936560-4
777,Eveline,047102304-3
778,Luce,491318553-5
779,Symon,820258684-4
780,Artus,208701722-0
781,Marlo,434893395-2
782,Lenette,968704271-0
783,Rinaldo,282390604-5
784,Anastasia,527539549-3
785,Brendan,180537459-1
786,Melita,274608792-8
787,Kingsly,218702644-2
788,Herby,055081086-2
789,Derry,776216164-3
790,Xylia,758224733-7
791,Doris,217163693-9
792,Thayne,612312705-5
793,Emelda,405409593-3
794,Damaris,389341995-0
795,Britte,177806151-6
796,Donielle,009058504-6
797,Rosalind,635248481-6
798,Clywd,552598968-9
799,Ilene,464828618-9
800,Frank,048449517-8
801,Edith,852495164-8
802,Hiram,477039218-4
803,Lizzy,872267664-3
804,Cristy,548191176-0
805,Harald,794824634-7
806,Beverley,399607766-1
807,Keefe,336973996-8
808,Kanya,837370492-2
809,Janice,273380312-3
810,Diarmid,211352458-9
811,Ramonda,872184201-9
812,Sigismond,131314646-3
813,Pepe,232932543-6
814,Bert,155712295-4
815,Suki,260796186-6
816,Christos,598053777-5
817,Abe,870312106-2
818,Alonso,509875234-5
819,Ole,533626621-3
820,Whitney,712332094-8
821,Wells,203512647-9
822,Helena,169232238-9
823,Torin,546486509-8
824,Misha,790997569-4
825,Waverly,305323750-4
826,Valentia,914523146-X
827,Deck,798083660-X
828,Bonnie,764722004-7
829,Lauralee,552965952-7
830,Zackariah,666310584-1
831,Vonni,677177978-5
832,Friedrich,782967993-2
833,Ruperto,283751180-3
834,Dido,632159545-4
835,Bell,138368585-1
836,Kirsten,326180693-1
837,Allegra,918815607-9
838,Harriett,639888801-4
839,Madelyn,612158299-5
840,Anders,940300110-0
841,Cordie,407440067-7
842,Nertie,160119399-8
843,Jenda,078808367-8
844,Nessi,305291764-1
845,Ray,780898052-8
846,Lenore,278392767-5
847,Vin,647541417-4
848,Wendell,032821992-4
849,Margot,615342674-3
850,Juditha,618285304-2
851,Roxane,684531957-X
852,Hubie,937746615-6
853,Travers,750464239-8
854,Camellia,762396033-4
855,Aloysia,908715018-0
856,Perry,193126397-3
857,Welsh,226934814-1
858,Krisha,700758373-3
859,Anton,406800946-5
860,Stacy,937617829-7
861,Sheffie,623920587-7
862,Livy,286484781-7
863,Abbye,473319959-7
864,Kale,390234059-2
865,Wynn,902536205-2
866,Ennis,634582781-9
867,Jeramey,975242418-X
868,June,955691434-X
869,Sarge,678711577-6
870,Sigismondo,785962251-3
871,Blanche,284401670-7
872,Sileas,502848984-X
873,Ephrem,037894699-4
874,Marvin,739553355-0
875,Denyse,383094187-0
876,Gracie,975745078-2
877,Horton,772020659-2
878,Saudra,311849719-X
879,Dahlia,662720622-6
880,Suzette,279585826-6
881,Bridie,087569552-3
882,Gill,901493133-6
883,Lyle,789905033-2
884,Son,927710750-2
885,Fredi,077234627-5
886,Briney,855642134-2
887,Glenda,001329349-4
888,Shelbi,777256390-6
889,Charo,190612487-6
890,Dionis,291424452-5
891,Tresa,910587744-X
892,Jennie,686998232-5
893,Ninon,289413841-5
894,Linc,563322293-8
895,Dedie,857980206-7
896,Sherry,445808467-4
897,Minor,385147128-8
898,Alphonse,624614988-X
899,Cheslie,309268618-7
900,Essa,353727299-5
901,Prudy,640365736-4
902,Freddie,240803249-0
903,Abdel,019140117-X
904,Mellie,243184394-7
905,Delilah,986899727-5
906,Petronilla,968411138-X
907,Raymond,841380043-9
908,Winnie,690172205-2
909,Molli,999465031-9
910,Bambi,873663898-6
911,Wyndham,704997117-0
912,Kandy,596643681-9
913,Pat,152723881-4
914,Moselle,929969923-2
915,Bradley,678063667-3
916,Michaella,622935708-9
917,Gypsy,461634495-7
918,Eydie,055052723-0
919,Helge,266959684-3
920,Mirabella,632715290-2
921,Ursuline,734847898-0
922,Jordan,975045889-3
923,Othilia,894921057-6
924,Rica,335078628-6
925,Ricki,153162061-2
926,Daune,155389624-6
927,Margret,879851646-9
928,Kareem,998466255-1
929,Larine,474556394-9
930,Tobe,902380429-5
931,Hurley,795342494-0
932,Janet,856406361-1
933,Selle,766307891-8
934,Delmor,855641327-7
935,Loralie,962136800-6
936,Henrieta,654226560-0
937,Elianora,157944742-2
938,Carlye,315536582-X
939,Aluino,249532933-0
940,Elysia,533053331-7
941,Paulie,105831616-8
942,June,994345525-X
943,Gusti,444783109-0
944,Salomo,879837943-7
945,Isadora,122051548-5
946,Fitz,499369898-4
947,Trenton,399988218-2
948,Benjy,261619529-1
949,Alexi,301906551-8
950,Jo,913638798-3
951,Fielding,350565028-5
952,Adan,951181531-8
953,Sheff,209089118-1
954,Doro,194878770-9
955,Lilllie,867769522-2
956,Butch,388902022-4
957,Lanita,419997358-3
958,Korrie,688827044-0
959,Hailey,668971015-7
960,Delmore,314890788-4
961,Denney,720853529-9
962,Kippy,860334669-0
963,Glen,086759757-7
964,Joela,348749467-1
965,Catlee,452420794-5
966,Sarajane,483071001-2
967,Dorris,333002132-2
968,Lydon,112870917-1
969,Ellynn,235473432-8
970,Otho,021913549-5
971,Atalanta,649469359-8
972,Bee,767384715-9
973,Collin,923810647-9
974,Jere,475347011-3
975,Vanny,492962037-6
976,Kristien,553094652-6
977,Yurik,550245303-0
978,Thorsten,061602360-X
979,Tatiania,735919661-2
980,Maye,337070838-8
981,Devora,904369161-5
982,Tanhya,071253194-7
983,Dalston,809904771-0
984,Jeni,407650520-4
985,Kippar,753812760-7
986,Brien,656446306-5
987,Cobby,057968093-2
988,Ariella,152194131-9
989,Pen,044588829-6
990,Jonie,418762196-2
991,Eddi,097902479-X
992,Dinah,291794452-8
993,Carolann,379740437-9
994,Doti,558670234-7
995,Aldwin,530343355-2
996,Abran,372320733-2
997,Alecia,405736888-4
998,Jazmin,472444670-6
999,Monro,480619875-7
1000,Lalo,144076043-8