1,81157051000424,Inc. Karmen
2,29345083000321,Inc. Archaimbaud
3,52836962000620,Inc. Morgana
4,20366177000728,Inc. Adan
5,82259113000226,Inc. Cordi
6,26090388000120,Inc. Faith
7,69511111000328,Inc. Tory
8,42577558000920,Inc. Celie
9,51306365000121,Inc. Josey
10,80901663000707,Inc. Carlyn
11,62394123000009,Inc. Selinda
12,90890449000409,Inc. Elfie
13,84401017000607,Inc. Fin
14,19219564000209,Inc. Franklyn
15,29372859000307,Inc. Addi
16,03721516000505,Inc. Chrystal
17,76153227000900,Inc. Gracia
18,49116044000107,Inc. Gill
19,10611560000001,Inc. Kala
20,60518105000404,Inc. Dayna
21,33975259000500,Inc. Melosa
22,75206429000107,Inc. Tessi
23,96924174000205,Inc. Nataniel
24,06567913000703,Inc. Eben
25,77655226000004,Inc. Mickie
26,84945060000604,Inc. Jayson
27,64311936000502,Inc. Heall
28,02027051000002,Inc. Gavan
29,14068053000305,Inc. Amelie
30,82404086000103,Inc. Terence
31,97329828000100,Inc. Aldwin
32,23460380000803,Inc. Orlando
33,83922503000003,Inc. Franky
34,19022385000803,Inc. Vaclav
35,29000710000602,Inc. Currey
36,97584027000202,Inc. Ozzie
37,07025987000407,Inc. Shadow
38,93774158000503,Inc. Carita
39,07980727000804,Inc. Devi
40,82266195000909,Inc. Tracy
41,1603387800020X,Inc. Iggy
42,08636802000400,Inc. Almira
43,75811534000001,Inc. Danyette
44,61983869000808,Inc. Raymund
45,9559643800060X,Inc. Jewel
46,95617200000207,Inc. Boris
47,81794216000806,Inc. Thoma
48,68822139000107,Inc. Chrystel
49,51309702000401,Inc. Jourdain
50,66598532000403,Inc. Corrie
51,15184760000900,Inc. Star
52,9673228400000X,Inc. Aldo
53,88930914000503,Inc. Merrill
54,35540095000102,Inc. Corinna
55,29404357000606,Inc. Constance
56,01779634000205,Inc. Harrietta
57,96613465000108,Inc. Brendin
58,14406560000906,Inc. Berky
59,83828030000607,Inc. Anya
60,38526764000404,Inc. Kip
61,19864091000102,Inc. Inger
62,05077581000100,Inc. Pierce
63,96433673000004,Inc. Cam
64,16901906000505,Inc. Beale
65,59472019000902,Inc. Dilly
66,37732988000406,Inc. Knox
67,72328635000109,Inc. Willa
68,20554192000108,Inc. Petunia
69,4570084200090X,Inc. Kris
70,23703321000007,Inc. Mead
71,79244383000207,Inc. Alison
72,39799980000307,Inc. Delila
73,84522148000004,Inc. Carilyn
74,9523887600070X,Inc. Betti
75,79402614000001,Inc. Korie
76,89044806000200,Inc. Fowler
77,7539322200050X,Inc. Sal
78,94382418000107,Inc. Clem
79,9362727700090X,Inc. Tonie
80,12334142000901,Inc. Tomasina
81,10801498000005,Inc. Allin
82,28611238000500,Inc. Dominick
83,7562093100030X,Inc. Loutitia
84,30961310000203,Inc. Frederik
85,1256128900070X,Inc. Sharai
86,02725750000504,Inc. Eldredge
87,42377088000209,Inc. Maddy
88,6765985200080X,Inc. Holt
89,13774131000404,Inc. Nonie
90,77717203000007,Inc. Fernandina
91,45075764000301,Inc. Morissa
92,42514894000101,Inc. Eleanore
93,99742702000708,Inc. Fidelio
94,05229825000409,Inc. Osborne
95,4798024900070X,Inc. Germain
96,86750019000705,Inc. Karlan
97,04926458000902,Inc. Lizabeth
98,60747219000505,Inc. Berny
99,55052521000706,Inc. Hazel
100,74370600000501,Ltda Junina
101,61678408000409,Ltda Deidre
102,47037538000102,Ltda Auroora
103,82181656000104,Ltda Maxi
104,39825063000001,Ltda Brandi
105,22868237000802,Ltda Kristos
106,22433484000504,Ltda Charmion
107,87791755000809,Ltda Gifford
108,27118444000908,Ltda Staffard
109,69139348000105,Ltda Urson
110,04035949000905,Ltda Amata
111,73276463000100,Ltda Orsola
112,15152956000201,Ltda Jenna
113,36722111000009,Ltda Moria
114,33842019000300,Ltda Godiva
115,56058170000000,Ltda Aurea
116,25376543000704,Ltda Jesse
117,9371284300040X,Ltda Town
118,17814874000604,Ltda Antonella
119,65549152000202,Ltda Linoel
120,60590365000907,Ltda Sher
121,40075917000706,Ltda Brigitte
122,45465536000205,Ltda Wiley
123,58529412000505,Ltda Brandea
124,42981866000404,Ltda Myranda
125,86559860000907,Ltda Nickola
126,2140905900020X,Ltda Hiram
127,6465751300030X,Ltda Krysta
128,16903429000806,Ltda Teodoor
129,00283468000203,Ltda Flint
130,37277041000001,Ltda Willey
131,02474167000406,Ltda Nicko
132,54601574000102,Ltda Stanislas
133,46736753000004,Ltda Gannon
134,68465129000609,Ltda Dollie
135,6244104200000X,Ltda Titus
136,38234810000002,Ltda Alisa
137,56685950000702,Ltda Bertram
138,59994998000001,Ltda Kevin
139,59562131000509,Ltda Emlyn
140,25830637000007,Ltda Fidel
141,10802750000808,Ltda Shalna
142,56482914000304,Ltda Nissie
143,45834572000904,Ltda Thaddus
144,54614671000005,Ltda Janelle
145,1486278000060X,Ltda Catie
146,50384033000600,Ltda Karlene
147,66448504000201,Ltda Terrel
148,17186642000703,Ltda Eward
149,22540059000208,Ltda Cissy
150,77530909000303,Ltda Larina
151,35166558000709,Ltda Reggie
152,92445112000301,Ltda Cissy
153,85720682000208,Ltda Alexandros
154,53938216000101,Ltda Rutledge
155,24620926000401,Ltda Melvin
156,68242159000601,Ltda Frederica
157,37033126000209,Ltda Gianni
158,01478238000700,Ltda Loretta
159,89059721000306,Ltda Riley
160,88171268000906,Ltda Dinny
161,31422821000300,Ltda Deeyn
162,79519438000806,Ltda Shane
163,26689294000802,Ltda Davita
164,41140191000907,Ltda Blinni
165,69951296000001,Ltda Goldarina
166,38552547000100,Ltda Woodrow
167,6250190900070X,Ltda Janessa
168,34743763000801,Ltda Elroy
169,33884007000303,Ltda Constantin
170,17265102000908,Ltda Dell
171,58237464000606,Ltda Flo
172,28316305000009,Ltda Mortie
173,96639712000203,Ltda Othilia
174,79420455000306,Ltda Edwin
175,38232456000109,Ltda Jeffy
176,55248750000403,Ltda Reese
177,35431195000302,Ltda Otto
178,11401899000909,Ltda Bartie
179,8101735600040X,Ltda Adara
180,09014985000909,Ltda Marlie
181,2251568500090X,Ltda Norton
182,39713058000801,Ltda Audrye
183,95179066000303,Ltda Sarene
184,45891833000203,Ltda Mord
185,52247159000700,Ltda Harris
186,18220357000106,Ltda Rani
187,83143583000505,Ltda Monika
188,45730916000002,Ltda Deb
189,71254338000908,Ltda Berty
190,72516112000709,Ltda Boyce
191,20085437000202,Ltda Tymon
192,85394762000508,Ltda Josey
193,71649886000706,Ltda Hyacinthia
194,76443807000208,Ltda Bendite
195,1518092900000X,Ltda Arlen
196,29402727000904,Ltda Clari
197,18684119000900,Ltda Sergent
198,99920814000300,Ltda Cairistiona
199,93042736000902,Ltda Thorstein
200,14441419000209,Ltda Minetta
201,14125905000704,Ltda Emlynn
202,6632926700020X,Ltda Auberon
203,58695517000104,Ltda Tracee
204,99228796000700,Ltda Kristine
205,17300989000509,Ltda Mauricio
206,48990896000904,Ltda Dagny
207,6652170200030X,Ltda Alika
208,54566070000707,Ltda Mariele
209,45302147000808,Ltda Ruby
210,07596360000306,Ltda Alwin
211,65207248000301,Ltda Kaitlin
212,62280308000902,Ltda Astrix
213,75289455000404,Ltda Christos
214,57042310000004,Ltda Link
215,25151411000307,Ltda Nikoletta
216,99274065000303,Ltda Ellette
217,87649679000005,Ltda Morgan
218,72626965000103,Ltda Aubrette
219,40054614000706,Ltda Jolee
220,77378542000301,Ltda Adelaide
221,73250280000803,Ltda Thurstan
222,98302904000401,Ltda Jacquenetta
223,38506351000407,Ltda Lind
224,41708389000200,Ltda Isa
225,33962439000109,Ltda Hannie
226,40990274000006,Ltda Dirk
227,71488433000509,Ltda Stephi
228,79312115000100,Ltda Eustacia
229,11391181000405,Ltda Caro
230,68561938000301,Ltda Shelli
231,46871722000503,Ltda Ashly
232,01290545000108,Ltda Zedekiah
233,38567355000402,Ltda Sisile
234,13079637000202,Ltda Herculie
235,03996975000403,Ltda Yankee
236,88907666000700,Ltda Van
237,98006436000800,Ltda Lorna
238,18340285000105,Ltda Selle
239,36730849000009,Ltda Loree
240,07952474000000,Ltda Micky
241,53623745000607,Ltda Priscilla
242,89902823000104,Ltda Fannie
243,17508607000008,Ltda Buddy
244,55955552000308,Ltda Jessee
245,9768154800070X,Ltda Ignazio
246,50408331000408,Ltda Dulcea
247,03101448000009,Ltda Odele
248,26836544000103,Ltda Gasparo
249,75602813000700,Ltda Diane-marie
250,37666347000102,Ltda Avrom
251,41143336000202,Ltda Joeann
252,82763436000207,Ltda Gaven
253,33815184000808,Ltda Peggi
254,47880634000804,Ltda Neala
255,27140852000100,Ltda Halimeda
256,16694161000501,Ltda Drusy
257,81369100000703,Ltda Meade
258,03908733000300,Ltda Zachariah
259,25240209000106,Ltda Theobald
260,70664147000909,Ltda Laurence
261,09437421000405,Ltda Talya
262,79893660000209,Ltda Siward
263,43525214000304,Ltda La verne
264,2968292500010X,Ltda Adelle
265,13481046000109,Ltda Denis
266,82010736000801,Ltda Osbourn
267,49426584000308,Ltda Maxwell
268,97261739000104,Ltda Mead
269,30489888000606,Ltda Jeremiah
270,53098794000603,Ltda Vaughan
271,23600459000308,Ltda Karyl
272,71981002000502,Ltda Stesha
273,15422845000700,Ltda Carolus
274,50922477000700,Ltda Reinhard
275,99009769000106,Ltda Osbourn
276,05041009000102,Ltda Ozzie
277,37842631000708,Ltda Leta
278,41248279000700,Ltda Josee
279,47109215000701,Ltda Gabriela
280,60317950000403,Ltda Jessie
281,2538588900010X,Ltda Anna
282,17782004000708,Ltda Sammie
283,05293734000008,Ltda Cello
284,80573425000600,Ltda Filip
285,25020363000201,Ltda Marlane
286,38228830000805,Ltda Maritsa
287,47690045000607,Ltda Guilbert
288,13826035000401,Ltda Minor
289,66440151000900,Ltda Mignonne
290,47432341000203,Ltda Shelby
291,05780631000508,Ltda Davy
292,97670317000606,Ltda Finlay
293,63266376000708,Ltda Hew
294,22500249000306,Ltda Mirna
295,51385047000504,Ltda Shaun
296,62124641000602,Ltda Helen-elizabeth
297,8993929700000X,Ltda Carine
298,78673709000806,Ltda Goddart
299,84770978000807,Ltda Madelaine
300,75280768000702,Ltda Cassi
301,23285324000101,Ltda Jeane
302,48694435000504,Ltda Ermin
303,61284185000003,Ltda Ede
304,34887116000107,Ltda Clareta
305,30063786000807,Ltda Irvin
306,57666257000704,Ltda Darby
307,94006472000908,Ltda Lancelot
308,96203447000105,Ltda Far
309,55977679000804,Ltda Eugenius
310,38561879000709,Ltda Joycelin
311,0358875800020X,Ltda Burty
312,58705544000003,Ltda Christie
313,70393535000701,Ltda Brandon
314,87159583000100,Ltda Morris
315,71669566000900,Ltda Cherish
316,14007894000708,Ltda Tiebout
317,55618317000200,Ltda Clim
318,96411276000901,Ltda Cary
319,10743659000706,Ltda Ellie
320,21786762000708,Ltda Larry
321,91163447000007,Ltda Maureene
322,35255699000004,Ltda Dolly
323,73879753000209,Ltda Nathan
324,25189192000905,Ltda Lexie
325,99772442000000,Ltda Travis
326,51944880000706,Ltda Thea
327,18216563000805,Ltda Filmore
328,42985791000203,Ltda Lenora
329,45150720000103,Ltda Micaela
330,55929900000300,Ltda Bo
331,83644665000707,Ltda Simon
332,67567230000104,Ltda Leicester
333,49106993000205,Ltda Ludovico
334,13266642000701,Ltda Neall
335,33751282000105,Ltda Bo
336,67472677000503,Ltda Xavier
337,56323898000701,Ltda Ingaborg
338,14849208000103,Ltda Zia
339,58120847000304,Ltda Goober
340,12172479000102,Ltda Jeannette
341,69504835000809,Ltda Gerty
342,30793989000908,Ltda Jemima
343,97673772000004,Ltda Reagan
344,1057832000090X,Ltda Beatrice
345,22600585000606,Ltda Deeanne
346,05550987000100,Ltda Griswold
347,55298325000505,Ltda Hagan
348,39944572000700,Ltda Lenka
349,82561684000102,Ltda Bing
350,79903758000707,Ltda Natala
351,34951185000403,Ltda Mack
352,46271443000500,Ltda Lucia
353,33325866000808,Ltda Polly
354,23118969000809,Ltda Sayer
355,5432689500070X,Ltda Helen
356,12190012000807,Ltda Lynnette
357,56289992000601,Ltda Henka
358,09976418000305,Ltda Brandyn
359,72493847000509,Ltda Angela
360,87662649000306,Ltda Siffre
361,12672120000603,Ltda Gavan
362,20284568000107,Ltda Tanny
363,17577782000205,Ltda Aurlie
364,54621339000502,Ltda Adelice
365,54843770000909,Ltda Timotheus
366,82523144000507,Ltda Monro
367,0138502200000X,Ltda Gaye
368,94705951000202,Ltda Graeme
369,32954514000305,Ltda Bethena
370,93306431000901,Ltda Fayth
371,62827416000307,Ltda Edna
372,53415690000607,Ltda Jade
373,99646555000706,Ltda Giordano
374,33618126000508,Ltda Shaylynn
375,9188023100050X,Ltda Morgen
376,83526584000107,Ltda Linzy
377,67432047000703,Ltda Anallese
378,05432075000807,Ltda Antoinette
379,25427729000106,Ltda Mano
380,87532687000608,Ltda Charlean
381,61833481000004,Ltda Elvina
382,84339585000500,Ltda Darrelle
383,48527652000806,Ltda Derk
384,46791143000309,Ltda Ezri
385,39831589000708,Ltda Annadiane
386,04312939000906,Ltda Clara
387,41812282000007,Ltda Janella
388,55471957000508,Ltda Spence
389,03168813000804,Ltda Morry
390,82525390000303,Ltda Ky
391,50476170000902,Ltda Sutherland
392,42341680000804,Ltda Zebulon
393,70948289000707,Ltda Keelby
394,51949939000708,Ltda Ricca
395,74921204000501,Ltda Dalia
396,84212710000509,Ltda Jannelle
397,64086537000704,Ltda Sharity
398,35372374000005,Ltda Andriana
399,25078824000608,Ltda Elwira
400,23137854000106,Ltda Linda
401,74945058000104,Ltda Chrisse
402,28721540000109,Ltda Giorgia
403,31725199000307,Ltda Cyril
404,19175788000703,Ltda Sibella
405,57008686000208,Ltda Oriana
406,28742336000706,Ltda Colly
407,59402739000505,Ltda Emerson
408,94657191000906,Ltda Garry
409,53099704000001,Ltda Nanny
410,33807231000707,Ltda Jasun
411,51052716000002,Ltda Dudley
412,35082947000409,Ltda Fawn
413,90816410000206,Ltda Emanuele
414,26214529000801,Ltda Grady
415,59880737000904,Ltda Kirstyn
416,52023753000600,Ltda Miller
417,64636420000100,Ltda Carolee
418,67360388000908,Ltda Jeffry
419,68462101000909,Ltda Estell
420,70528595000800,Ltda Stacey
421,87388363000403,Ltda Christy
422,69151430000205,Ltda Jermaine
423,60351167000404,Ltda Les
424,10823608000103,Ltda Llywellyn
425,71547532000304,Ltda Templeton
426,09930989000705,Ltda Randie
427,19687101000302,Ltda Rip
428,91842670000700,Ltda Herve
429,01620081000908,Ltda Nyssa
430,72156695000800,Ltda Farlay
431,55415876000406,Ltda Valentine
432,13841327000008,Ltda Ermin
433,07144092000305,Ltda Jobey
434,42676627000504,Ltda Siusan
435,86408154000808,Ltda Smitty
436,84400473000407,Ltda Micah
437,38238504000105,Ltda Melisent
438,56605885000507,Ltda Tye
439,69287563000507,Ltda Etty
440,52634885000909,Ltda Shamus
441,77472421000802,Ltda Cary
442,88792634000200,Ltda Giffy
443,9999175500020X,Ltda Cesaro
444,69802829000005,Ltda Geoff
445,92803575000409,Ltda Osgood
446,44999759000201,Ltda Yovonnda
447,93925576000407,Ltda Edith
448,52108756000404,Ltda Laurie
449,92839471000402,Ltda Dayna
450,76094903000903,Ltda Gonzales
451,31797516000300,Ltda Rinaldo
452,5588684100050X,Ltda Lorens
453,67644512000507,Ltda Jerry
454,22907624000900,Ltda Vikki
455,29258481000608,Ltda Britteny
456,42092704000007,Ltda Selie
457,63883742000603,Ltda Iggy
458,61364865000407,Ltda Trude
459,99388634000402,Ltda Dina
460,25167645000808,Ltda Malynda
461,23748763000202,Ltda Lion
462,78307083000701,Ltda Georges
463,20542802000400,Ltda Van
464,23413092000901,Ltda Byrom
465,93051228000706,Ltda Remus
466,67612874000800,Ltda Cyndy
467,53374210000402,Ltda Ginevra
468,61965851000805,Ltda Vaughan
469,48229651000603,Ltda Mattie
470,84794852000604,Ltda Ellerey
471,05407693000407,Ltda Lia
472,80383688000904,Ltda Herculie
473,89792928000103,Ltda Broddy
474,73053801000702,Ltda Patrica
475,51098930000102,Ltda Ursuline
476,69234064000505,Ltda Karim
477,9464849300080X,Ltda Clevie
478,78219513000508,Ltda Jean
479,73404195000000,Ltda Eugine
480,50803877000402,Ltda Tessie
481,25191005000705,Ltda Velvet
482,13268826000403,Ltda Emylee
483,2790508800010X,Ltda Colette
484,22157507000007,Ltda Junette
485,94106632000307,Ltda Claudine
486,90147330000003,Ltda Gerry
487,04839426000206,Ltda Desmond
488,67843005000005,Ltda Jeri
489,51711101000606,Ltda Maible
490,11725608000700,Ltda Alix
491,19564689000000,Ltda Sheila-kathryn
492,00907218000100,Ltda Kristi
493,19903722000404,Ltda Graham
494,79789007000308,Ltda Logan
495,88293283000705,Ltda Des
496,62690981000801,Ltda Adolphus
497,82812336000103,Ltda Elenore
498,20058451000705,Ltda Jo-anne
499,29821729000009,Ltda Giordano
500,11019765000207,Ltda Ira
501,74068585000508,Ltda Hunfredo
502,98240174000503,Ltda Roch
503,03937515000406,Ltda Morty
504,68776979000404,Ltda Crystal
505,10607370000109,Ltda Zacharias
506,70794251000007,Ltda Eb
507,60442666000506,Ltda Ignace
508,34441628000603,Ltda Thaine
509,97003447000003,Ltda Konrad
510,37011040000707,Ltda Loraine
511,49288155000201,Ltda Ingrim
512,79815046000904,Ltda Barton
513,70074480000700,Ltda Hailee
514,52984831000806,Ltda Thaine
515,0329494600060X,Ltda Averyl
516,84883949000206,Ltda Kylie
517,13001172000409,Ltda Neddie
518,1481630800090X,Ltda Huntington
519,28390178000801,Ltda Leonidas
520,74760681000104,Ltda Ashlan
521,35229297000604,Ltda Delia
522,27848870000202,Ltda Jamima
523,46727555000608,Ltda Lorelei
524,88951529000005,Ltda Brianne
525,75598378000008,Ltda Kenyon
526,51381368000600,Ltda Merrill
527,54855895000906,Ltda Anjanette
528,82627556000609,Ltda Nettie
529,4294212300090X,Ltda Christiano
530,5726811400070X,Ltda Walden
531,14341538000109,Ltda Marmaduke
532,84280786000002,Ltda Jeanine
533,26237957000602,Ltda Corliss
534,49221525000701,Ltda Blinnie
535,82276623000606,Ltda Alla
536,28144204000808,Ltda Cyrill
537,34642839000902,Ltda Odelle
538,00848566000405,Ltda Kele
539,85708440000108,Ltda Pearla
540,01264785000907,Ltda Meara
541,52382947000501,Ltda Ringo
542,96777901000100,Ltda Glynnis
543,70912621000704,Ltda Stefania
544,43834574000306,Ltda Charin
545,83787163000804,Ltda Haley
546,86365641000508,Ltda Malissia
547,52542320000103,Ltda Corena
548,6332622800090X,Ltda Ludovico
549,60646173000507,Ltda Rebbecca
550,26961290000808,Ltda Licha
551,82369577000909,Ltda Tallulah
552,01305679000202,Ltda Margeaux
553,77614385000306,Ltda Carling
554,33549331000806,Ltda Laurel
555,60779782000604,Ltda Arri
556,77275050000005,Ltda Siward
557,54849732000001,Ltda Barby
558,07166161000104,Ltda Loralyn
559,66127539000403,Ltda Margery
560,2754013400040X,Ltda Glen
561,67199992000104,Ltda Ansel
562,10347200000508,Ltda Zeke
563,61472950000603,Ltda Costanza
564,1044263700050X,Ltda Lyndsey
565,04127131000502,Ltda Addi
566,68052698000801,Ltda Webb
567,61225831000406,Ltda Dwayne
568,01218669000908,Ltda Araldo
569,9145421600050X,Ltda Artie
570,28319342000507,Ltda Dorolisa
571,21932970000307,Ltda Amble
572,7860017900020X,Ltda Erica
573,17461807000006,Ltda Evyn
574,77063807000108,Ltda Penni
575,69869471000708,Ltda Bucky
576,19029691000809,Ltda Sandra
577,50727396000109,Ltda Mariette
578,40652844000605,Ltda Nance
579,09507564000508,Ltda Etta
580,07948982000406,Ltda Karola
581,87422482000909,Ltda Leontyne
582,63916840000507,Ltda Pen
583,11057217000807,Ltda Estella
584,97851041000107,Ltda Casey
585,48132901000204,Ltda Ruddie
586,40306782000101,Ltda Rancell
587,85007348000303,Ltda Sigfried
588,00965048000406,Ltda Maria
589,23081556000309,Ltda Ernst
590,58246109000607,Ltda Chaunce
591,63604700000102,Ltda Vivie
592,89304431000902,Ltda Consuelo
593,57030745000902,Ltda Marleen
594,00244211000003,Ltda Marena
595,33822338000806,Ltda Michell
596,52182470000202,Ltda Chick
597,42823697000502,Ltda Westley
598,42800695000104,Ltda Alwyn
599,64542586000405,Ltda Erny
600,02812533000203,Ltda Evan
601,32402261000907,Ltda Josie
602,20542756000308,Ltda Mac
603,82997679000101,Ltda Isa
604,76167103000600,Ltda Leoine
605,13012595000904,Ltda Phillie
606,19222154000300,Ltda Walsh
607,99531647000809,Ltda Nicholle
608,16306120000703,Ltda Aylmer
609,39154627000408,Ltda Lyndsie
610,76690908000908,Ltda Brynna
611,28667806000200,Ltda Agathe
612,17237065000301,Ltda Westbrooke
613,49005338000508,Ltda Cad
614,28462447000105,Ltda Guglielma
615,30438050000504,Ltda Gardner
616,01634833000906,Ltda Trina
617,80030402000506,Ltda Mareah
618,57732371000909,Ltda Gordie
619,64006345000009,Ltda Danny
620,80802535000807,Ltda Maryanna
621,5153259000030X,Ltda Jermain
622,77457207000405,Ltda Aguste
623,68009990000901,Ltda Barbra
624,2053739000070X,Ltda Lanette
625,92995402000804,Ltda Timoteo
626,21645566000606,Ltda Cilka
627,7017261000020X,Ltda Gael
628,28855581000408,Ltda Omero
629,79806718000005,Ltda Corine
630,62434078000209,Ltda Charlotte
631,96349786000300,Ltda Thomasine
632,87681483000005,Ltda Sianna
633,26078862000600,Ltda Anderea
634,58532371000306,Ltda Ari
635,12490272000706,Ltda Davis
636,53978927000108,Ltda Filberto
637,55474150000703,Ltda Darcy
638,52404715000205,Ltda Amy
639,31311015000200,Ltda Theobald
640,53649473000109,Ltda Guglielma
641,3437523900070X,Ltda Reeba
642,5224697600020X,Ltda Chicky
643,91613280000104,Ltda Cacilia
644,21320838000501,Ltda Heddie
645,55189203000108,Ltda Delaney
646,45350526000101,Ltda Minda
647,79520576000609,Ltda Hoyt
648,94122191000005,Ltda Rici
649,75783269000002,Ltda Cory
650,06703549000601,Ltda Nehemiah
651,55750004000806,Ltda Bertram
652,65062036000303,Ltda Minta
653,99977667000902,Ltda Carleen
654,67463348000005,Ltda Lief
655,09332561000901,Ltda Raleigh
656,85106652000300,Ltda Nataniel
657,98998908000102,Ltda Jana
658,69983988000607,Ltda Rebekkah
659,51064029000506,Ltda Orlan
660,48898172000701,Ltda Edeline
661,80542250000901,Ltda Lara
662,27130620000908,Ltda Jase
663,25146371000603,Ltda Priscilla
664,43091295000001,Ltda Lannie
665,57041088000006,Ltda Jude
666,50717140000806,Ltda Danice
667,41631348000803,Ltda Maryanne
668,02424595000807,Ltda Alethea
669,72387346000005,Ltda Kelci
670,52099331000909,Ltda Johan
671,00986123000709,Ltda Verne
672,82641856000300,Ltda Laraine
673,55996844000704,Ltda Teador
674,78854575000008,Ltda Nappy
675,16345153000802,Ltda Vaughn
676,49794734000301,Ltda Corilla
677,11756478000100,Ltda Catarina
678,10293569000603,Ltda Lana
679,77657912000300,Ltda Tobe
680,25015058000400,Ltda Van
681,83118184000905,Ltda Mickie
682,20983007000806,Ltda Obadias
683,05330677000900,Ltda Laurens
684,52617195000206,Ltda Rafaelia
685,94477145000001,Ltda Flossi
686,7450479100050X,Ltda Benedikt
687,66578584000609,Ltda Cristal
688,00721594000005,Ltda Theodora
689,0313911500050X,Ltda Catherina
690,95139290000904,Ltda Sheeree
691,73197692000701,Ltda Eleanor
692,31913424000806,Ltda Germain
693,38057529000809,Ltda Corina
694,48405402000608,Ltda Laurens
695,9373557800040X,Ltda Horatius
696,19797507000500,Ltda Jamil
697,77205958000301,Ltda Barty
698,61319886000902,Ltda Garnet
699,0867615100050X,Ltda Caddric
700,94695809000606,Ltda Ophelie
701,70775733000700,Ltda Ricki
702,99176077000104,Ltda Amber
703,69504464000907,Ltda Doll
704,5647026300020X,Ltda Tammara
705,47557263000600,Ltda Chelsy
706,18291179000908,Ltda Minnaminnie
707,58625313000501,Ltda Walton
708,60253751000109,Ltda Homer
709,7374403800010X,Ltda Brynne
710,35945359000204,Ltda Eden
711,48923087000409,Ltda Kalvin
712,72016312000804,Ltda Daryl
713,17760376000304,Ltda Micaela
714,41602705000703,Ltda Kip
715,09533012000104,Ltda Phedra
716,16821044000501,Ltda Val
717,50869159000100,Ltda Godart
718,6861024800030X,Ltda Gayle
719,73551353000804,Ltda Vivyan
720,36158381000507,Ltda Averil
721,63996085000003,Ltda Nikolaos
722,68395192000709,Ltda Felicity
723,02496197000205,Ltda Jorgan
724,66246888000007,Ltda Andrew
725,2923901400010X,Ltda Chris
726,17026193000406,Ltda Christin
727,20182766000504,Ltda Knox
728,05612521000104,Ltda Sauncho
729,16276337000802,Ltda Albrecht
730,89873400000606,Ltda Gannie
731,58423946000108,Ltda Ashleigh
732,77112782000608,Ltda Winthrop
733,94372247000409,Ltda Dorelle
734,12950302000608,Ltda Penrod
735,68399705000105,Ltda Idell
736,01795032000904,Ltda Sergei
737,15488471000207,Ltda Ketty
738,89080329000106,Ltda Alyda
739,33256926000909,Ltda Broderick
740,58443129000307,Ltda Hewett
741,44287827000005,Ltda Doralia
742,22284606000005,Ltda Batsheva
743,75109402000507,Ltda Reagan
744,25848452000002,Ltda Ferne
745,75258599000006,Ltda Nalani
746,57291061000104,Ltda Ellie
747,48868339000402,Ltda Drucie
748,80483128000509,Ltda Guillermo
749,88087112000108,Ltda Tarrah
750,21276440000609,Ltda Iormina
751,35049083000109,Ltda Hannis
752,68453872000202,Ltda Roscoe
753,90731272000504,Ltda Baldwin
754,89260241000408,Ltda Maddie
755,01307930000806,Ltda Jamison
756,30843566000209,Ltda Correy
757,32188260000200,Ltda Saunders
758,28409459000204,Ltda Barron
759,68136477000009,Ltda Anatola
760,12418194000400,Ltda Mayer
761,09028946000401,Ltda Florri
762,36552487000401,Ltda Thaddeus
763,63516842000805,Ltda Spense
764,71694951000407,Ltda Ula
765,96066876000000,Ltda Germain
766,73045893000209,Ltda Winny
767,7829892900020X,Ltda Thaddus
768,87471239000606,Ltda Dulcinea
769,05340758000501,Ltda Dallis
770,25496078000005,Ltda Oby
771,39924376000407,Ltda Simmonds
772,87202438000701,Ltda Elly
773,57240269000307,Ltda Kissiah
774,76691983000504,Ltda Dani
775,00396800000002,Ltda Francine
776,59586923000800,Ltda Angelle
777,86741736000607,Ltda Bride
778,44375890000303,Ltda Cthrine
779,75680193000202,Ltda Tamqrah
780,21385774000703,Ltda Kathie
781,01724186000203,Ltda Darrick
782,20688320000308,Ltda Bogart
783,85542753000409,Ltda Felic
784,75182597000601,Ltda Berni
785,23213569000807,Ltda Grantham
786,28069373000503,Ltda Tatiana
787,03700712000908,Ltda Romona
788,00179824000408,Ltda Tristan
789,89942192000707,Ltda Tadeo
790,37675622000708,Ltda Mair
791,54140059000508,Ltda Lilla
792,03698919000209,Ltda Chrysa
793,97030279000003,Ltda Gasparo
794,22700632000208,Ltda Netti
795,77017320000505,Ltda Worthington
796,35727374000000,Ltda Imogene
797,90611002000607,Ltda Doug
798,15651753000306,Ltda Giana
799,17483987000205,Ltda Willamina
800,25236041000705,Ltda Tally
801,33092395000403,Ltda Fanni
802,34223964000308,Ltda Maureene
803,0689320700010X,Ltda Kingsly
804,81253110000401,Ltda Amalle
805,0077846900040X,Ltda Florian
806,98961922000109,Ltda Rob
807,57644783000400,Ltda Aylmer
808,79556341000502,Ltda Shaine
809,20975556000803,Ltda Camilla
810,54061363000604,Ltda Erek
811,07616366000401,Ltda Erhart
812,14746529000103,Ltda Hadrian
813,05005158000705,Ltda Sutherlan
814,30899555000908,Ltda Pinchas
815,57573354000008,Ltda Kimmi
816,41948474000301,Ltda Vivia
817,77283552000001,Ltda Janeen
818,81286921000403,Ltda Lil
819,11954304000206,Ltda Nelli
820,66441835000703,Ltda Helene
821,84028936000305,Ltda Consolata
822,94167183000806,Ltda Rae
823,00953052000406,Ltda Dominga
824,89141450000108,Ltda Reynard
825,17693948000609,Ltda Ferdy
826,42209848000709,Ltda Elmer
827,74305432000000,Ltda Emogene
828,14681099000208,Ltda Amble
829,72713148000202,Ltda Trevor
830,12015507000805,Ltda Jorrie
831,32346925000604,Ltda Terza
832,46690122000802,Ltda Linea
833,30162468000103,Ltda Patrizius
834,5579541100080X,Ltda Boyce
835,38751620000201,Ltda Sheeree
836,10273515000507,Ltda Leilah
837,50933897000104,Ltda Doloritas
838,24630510000403,Ltda Camel
839,84838821000901,Ltda Bernadine
840,90210017000506,Ltda Reinaldos
841,78277258000103,Ltda Dee
842,85309534000807,Ltda Lanae
843,83223507000008,Ltda Markos
844,83131106000000,Ltda Hettie
845,04749301000104,Ltda Pedro
846,44262611000309,Ltda Valaria
847,67777747000304,Ltda Tabby
848,12434269000500,Ltda Mickie
849,28515674000809,Ltda Karlie
850,15259353000800,Ltda Noll
851,57304224000704,Ltda Ruggiero
852,07989425000009,Ltda Dael
853,92724936000205,Ltda Nessi
854,67904962000308,Ltda Markos
855,30760879000008,Ltda Astrix
856,52872108000107,Ltda Jaquelin
857,02173427000001,Ltda Lula
858,78767129000607,Ltda Jonathon
859,31105319000205,Ltda Christy
860,53387758000803,Ltda Charil
861,52919200000706,Ltda Nicolette
862,50773424000900,Ltda Teresina
863,14127631000500,Ltda Leodora
864,09789401000408,Ltda Alidia
865,26650426000300,Ltda Burty
866,11947803000707,Ltda Madlin
867,05648104000208,Ltda Kalie
868,08303714000403,Ltda Morgen
869,36357617000209,Ltda Maxim
870,41224163000002,Ltda Davina
871,41279456000604,Ltda Hesther
872,48895799000802,Ltda Clyde
873,44995415000605,Ltda Morlee
874,05989706000507,Ltda Erinn
875,1594655500070X,Ltda Xerxes
876,29227353000101,Ltda Morlee
877,90643633000704,Ltda Carlie
878,76821408000306,Ltda Woodie
879,47273601000709,Ltda Christie
880,28015737000502,Ltda Ardyce
881,59629994000404,Ltda Shaina
882,74013087000003,Ltda Lanie
883,27788433000503,Ltda Tallie
884,17113075000506,Ltda Daniella
885,34225500000406,Ltda Portie
886,51528578000603,Ltda Maegan
887,18082757000909,Ltda Eric
888,74460859000400,Ltda Gianina
889,20594400000608,Ltda Adel
890,76299527000803,Ltda Melly
891,1321890000010X,Ltda Ramonda
892,18631033000205,Ltda Junia
893,39732573000209,Ltda Leonore
894,99944529000607,Ltda Karissa
895,69772948000608,Ltda Prince
896,92818913000001,Ltda Jasmine
897,43008120000407,Ltda Ashbey
898,32837430000906,Ltda Marieann
899,0226842800060X,Ltda Wyatt
900,68453278000203,Ltda Cary
901,51092736000707,Ltda Diannne
902,81641894000702,Ltda Matthiew
903,78083274000706,Ltda Rubina
904,91238706000800,Ltda Corrie
905,07421711000400,Ltda Fifi
906,86095447000503,Ltda D'arcy
907,31982809000900,Ltda Maurise
908,25696701000308,Ltda Hendrika
909,15488636000307,Ltda Hallie
910,24060842000909,Ltda Wanids
911,44749114000900,Ltda Rodge
912,0711229000040X,Ltda Pancho
913,31425476000801,Ltda Dex
914,03610285000701,Ltda Aloisia
915,5921282400030X,Ltda Nathalie
916,38480501000100,Ltda Harriot
917,69377669000309,Ltda Remy
918,17136861000603,Ltda Beaufort
919,94843631000604,Ltda Didi
920,84752652000904,Ltda Malissa
921,68442727000802,Ltda Will
922,40121970000808,Ltda Torie
923,44728810000004,Ltda Dasha
924,86770567000609,Ltda Archie
925,15645318000604,Ltda Audry
926,00395684000301,Ltda Rhiamon
927,22810070000300,Ltda Oralla
928,89495609000205,Ltda Arley
929,02866782000608,Ltda Chev
930,41064203000401,Ltda Nicola
931,34925530000709,Ltda Bartholomeo
932,8933962600020X,Ltda Ashla
933,5461547600030X,Ltda Doyle
934,23357965000304,Ltda Elston
935,55697761000401,Ltda Gabby
936,2424355000070X,Ltda Cloe
937,74429919000309,Ltda Brock
938,22720344000504,Ltda Codee
939,46358956000601,Ltda Brennan
940,59037540000508,Ltda Mark
941,09952119000300,Ltda Ruthie
942,37016692000306,Ltda Verene
943,65024242000404,Ltda Silvan
944,24209047000002,Ltda Bobette
945,72219437000002,Ltda Noelani
946,63609457000308,Ltda Carling
947,18857917000102,Ltda Almeria
948,81874725000808,Ltda Larina
949,57841241000002,Ltda Lyndel
950,43156363000102,Ltda Aurore
951,84037113000905,Ltda Eugen
952,10236211000304,Ltda Paten
953,81719925000600,Ltda Letti
954,78053346000401,Ltda Alejoa
955,52185791000104,Ltda Aharon
956,01935371000804,Ltda Jonie
957,21428221000402,Ltda Carissa
958,71438149000700,Ltda Mark
959,29824174000506,Ltda Ranice
960,0969163000070X,Ltda Bernhard
961,0178009700050X,Ltda Carroll
962,07298802000409,Ltda Lissie
963,34478900000100,Ltda Wandis
964,0152338500060X,Ltda Faunie
965,5794276100000X,Ltda Stafani
966,3252300000010X,Ltda Casey
967,97366217000508,Ltda Roman
968,94133587000405,Ltda Moreen
969,28644325000404,Ltda Verile
970,87356225000505,Ltda Mathian
971,72897405000702,Ltda Clo
972,47278871000707,Ltda Wynn
973,62897807000806,Ltda Boothe
974,42749041000702,Ltda Lorry
975,72512714000207,Ltda Ali
976,34487050000908,Ltda Silvia
977,56065945000807,Ltda Darlleen
978,48978585000805,Ltda Jozef
979,42190384000609,Ltda Yetta
980,27903185000507,Ltda Howey
981,92240431000806,Ltda Gordon
982,67251005000406,Ltda Doralin
983,44497034000909,Ltda Orren
984,72754821000903,Ltda Grier
985,77774944000605,Ltda Rouvin
986,13104782000905,Ltda Lolly
987,05355961000700,Ltda Gradeigh
988,51080915000509,Ltda Rheta
989,06433183000201,Ltda Hettie
990,9712271800020X,Ltda Floris
991,84333347000806,Ltda Deanna
992,01762780000709,Ltda Latisha
993,71213682000903,Ltda Theodore
994,63566442000507,Ltda Wendeline
995,51984325000004,Ltda Nat
996,91498105000503,Ltda Kenneth
997,91831855000500,Ltda Jorey
998,84424618000902,Ltda Celinda
999,07624971000507,Ltda Cathlene
1000,46384879000751,Inc. Ltda Carolynn