1,757758194-1,2019-08-25,Ford,NASDAQ,8090,F350,336780.38,999372.44,452320.57
2,749320017-3,2020-03-05,Buick,NYSE,6294,Century,94172.35,498577.14,321909.42
3,247719404-6,2019-06-21,Cadillac,NYSE,3074,Seville,141293.68,846197.55,625468.31
4,892535725-9,2020-03-01,Mazda,NYSE,6800,B-Series Plus,9409.63,122070.52,861173.01
5,755872049-4,2019-05-09,Volvo,NASDAQ,4930,S80,827986.87,29894.43,240882.30
6,564696176-9,2020-03-16,GMC,NASDAQ,4756,Vandura 1500,765408.47,609648.97,397743.33
7,871200148-1,2019-04-24,Ford,NYSE,8572,Econoline E250,114038.19,43770.89,376951.20
8,824031269-1,2019-07-16,Lexus,NYSE,2632,ES,512396.13,648715.99,500117.71
9,170382158-0,2019-05-22,Cadillac,NASDAQ,1044,Seville,730463.33,920304.15,200030.80
10,942942619-2,2019-09-02,Lexus,NASDAQ,2892,LX,555405.80,968056.54,343724.60
11,119410613-7,2020-02-09,Volkswagen,NASDAQ,1813,GLI,406175.31,508859.78,740797.96
12,217200450-2,2019-05-16,Lexus,NYSE,8722,IS,627853.44,708432.93,877700.87
13,337360233-5,2019-11-22,GMC,NASDAQ,3300,Sierra 2500,527161.75,205684.03,427703.87
14,421729370-4,2019-10-08,Dodge,NYSE,7351,Spirit,128263.25,750978.43,383634.97
15,114178404-1,2019-06-04,Ford,NYSE,7314,E-Series,529694.93,58606.81,62088.54
16,647567408-7,2019-08-31,GMC,NYSE,8359,Sierra 2500,888365.78,993082.09,610269.15
17,762511032-X,2019-06-09,Maybach,NASDAQ,8494,Landaulet,644808.66,801910.23,742886.88
18,744452077-1,2019-09-22,Porsche,NASDAQ,6934,944,258506.01,137210.86,37323.65
19,803281638-0,2020-03-17,Plymouth,NASDAQ,7971,Prowler,775859.64,403565.60,96931.67
20,378013406-3,2020-03-17,Mercedes-Benz,NYSE,7787,E-Class,319808.85,797777.04,788405.05
21,183037155-X,2019-07-25,Mitsubishi,NYSE,9653,Galant,76652.44,350864.53,145390.90
22,783780856-8,2020-03-29,Ford,NYSE,8681,Ranger,689367.14,936815.25,331885.65
23,905905701-5,2019-10-24,Pontiac,NASDAQ,4059,Grand Am,270302.58,217804.07,477984.08
24,954521698-0,2020-02-17,Suzuki,NYSE,5535,Aerio,911702.40,790423.86,174963.69
25,209576949-X,2019-09-09,Pontiac,NYSE,5838,GTO,378282.90,675562.58,402517.46
26,665261021-3,2019-11-17,Mitsubishi,NYSE,2610,Lancer,830905.93,856794.53,899490.07
27,226990482-6,2019-10-06,Pontiac,NASDAQ,7683,6000,839755.47,376549.36,832917.24
28,082338397-0,2019-08-21,Chevrolet,NYSE,4820,Caprice Classic,417442.20,511254.57,230864.22
29,127591086-6,2019-06-04,Chevrolet,NASDAQ,5544,Corvette,421360.96,784355.29,55389.84
30,422500178-4,2019-04-21,GMC,NASDAQ,7768,Rally Wagon G2500,747117.19,174130.29,79873.28
31,441059216-5,2019-09-17,BMW,NASDAQ,9690,325,915725.53,884305.96,53016.86
32,248712252-8,2019-09-07,Nissan,NASDAQ,4925,Quest,364650.87,175350.75,324327.22
33,701655018-4,2019-04-16,Mercedes-Benz,NYSE,3461,S-Class,812661.22,146228.11,955707.42
34,764252240-1,2020-03-02,Audi,NASDAQ,8246,S6,868039.71,268893.84,558231.28
35,503829590-8,2020-01-09,Land Rover,NASDAQ,7302,Defender,929911.02,103491.84,72973.72
36,022610434-6,2019-11-21,Pontiac,NYSE,8359,GTO,670268.26,740187.28,919871.74
37,139002302-8,2019-10-15,Saturn,NYSE,5343,VUE,874936.94,263549.16,660873.31
38,519128054-7,2019-11-03,Chevrolet,NYSE,9650,SSR,243551.88,304555.51,706745.03
39,312177839-0,2019-04-15,Nissan,NASDAQ,2246,Altima,994313.27,438258.87,981937.92
40,157118064-8,2019-08-22,Ford,NASDAQ,8458,EXP,359192.21,615553.24,684284.08
41,166700449-2,2019-07-05,Infiniti,NYSE,9809,G,146142.68,970945.09,671551.73
42,881912791-1,2019-06-20,BMW,NASDAQ,1966,X6 M,306323.03,629354.22,826918.94
43,656113926-7,2019-04-10,Dodge,NYSE,3782,Ram 3500,538121.68,943339.21,388389.99
44,047640825-3,2019-06-14,Nissan,NASDAQ,2897,Quest,805107.51,875668.58,753232.35
45,122048122-X,2020-01-04,Volkswagen,NASDAQ,2543,Passat,256801.10,255725.16,42278.89
46,197060680-0,2020-03-24,Aston Martin,NASDAQ,1422,Vantage,117610.00,825156.21,949637.89
47,210768017-5,2019-10-23,Volkswagen,NYSE,7381,Scirocco,961255.78,409200.27,574168.53
48,535048388-9,2019-05-31,Ford,NASDAQ,9085,Windstar,504451.71,393379.53,452201.28
49,978197236-X,2019-09-03,Audi,NASDAQ,4895,S4,262133.49,730664.76,125199.20
50,938425436-3,2019-07-21,Hyundai,NYSE,6396,Entourage,172899.95,946807.17,916910.00
51,654127542-4,2020-03-06,Lincoln,NYSE,9890,Aviator,432410.11,833582.57,827648.78
52,337839362-9,2019-09-05,Dodge,NASDAQ,9546,Ram Van 3500,880727.65,332601.18,528484.40
53,800080803-X,2019-04-25,Hyundai,NASDAQ,9185,Tucson,177225.30,690862.95,199317.05
54,531309037-2,2020-03-06,Lexus,NASDAQ,5567,GX,853862.77,753893.49,286698.83
55,186878353-7,2020-03-13,Pontiac,NASDAQ,2022,Grand Am,855990.59,153540.71,506490.95
56,931399102-0,2019-10-18,Buick,NASDAQ,3471,Regal,3996.05,563626.75,526792.56
57,169041108-2,2019-09-20,Dodge,NASDAQ,3261,Neon,62058.29,387117.64,138050.30
58,579212452-3,2019-10-29,Lincoln,NASDAQ,7008,MKZ,872160.72,504861.90,906079.69
59,312729675-4,2019-05-06,Lexus,NASDAQ,5916,SC,136468.36,237439.17,194098.91
60,918843319-6,2019-06-13,Volkswagen,NASDAQ,4515,GTI,199374.36,6189.20,98382.35
61,442287189-7,2019-08-28,Mazda,NYSE,1631,B-Series Plus,590533.98,113892.36,827768.00
62,868714660-4,2019-06-12,Saab,NASDAQ,9191,900,807564.68,661505.27,26305.81
63,486440978-1,2019-10-20,Lexus,NYSE,2675,LX,974569.79,869036.98,656476.10
64,513006908-0,2020-01-27,Lexus,NYSE,3707,RX,567422.96,863873.70,548527.80
65,756664203-0,2019-08-05,Audi,NASDAQ,2664,A3,975625.43,585596.45,325526.27
66,503547729-0,2019-08-11,Ford,NYSE,2962,Thunderbird,414716.75,282878.76,143241.95
67,381071737-1,2019-12-09,GMC,NASDAQ,6666,Savana,469782.12,138958.32,480208.74
68,430544080-6,2020-01-23,Volvo,NASDAQ,5333,C70,435352.87,502272.31,949319.75
69,858199570-5,2019-07-05,Oldsmobile,NYSE,3077,Aurora,913843.21,37137.08,979288.96
70,687807762-1,2019-10-17,Infiniti,NASDAQ,1424,QX,578564.55,62567.82,69197.45
71,829636538-3,2019-12-07,Kia,NASDAQ,1938,Rio,546631.44,209820.86,80305.33
72,786786943-3,2020-03-17,Chrysler,NASDAQ,2951,Concorde,205220.66,594537.20,19249.05
73,880785239-X,2019-06-20,Ford,NYSE,9044,F450,761684.89,301391.59,802857.72
74,885196106-9,2019-07-15,Chevrolet,NYSE,6913,Cavalier,278848.20,990946.14,681966.44
75,683122440-7,2020-03-05,Audi,NASDAQ,7678,A4,17938.76,636535.55,924572.80
76,398137677-3,2020-03-13,Mercedes-Benz,NYSE,8653,Sprinter 2500,250432.06,38344.91,959455.59
77,648651614-3,2020-03-27,Dodge,NASDAQ,2258,Dakota,118032.63,279012.36,813237.75
78,285273441-9,2020-03-10,Acura,NYSE,4868,RL,770640.89,845696.83,379022.10
79,905884954-6,2019-04-30,Chevrolet,NYSE,5250,Colorado,475464.18,492519.11,29283.52
80,975351204-X,2019-07-04,Lamborghini,NYSE,5516,Diablo,966525.73,685810.56,678420.45
81,188594399-7,2019-04-18,Eagle,NYSE,2820,Vision,531125.31,562634.16,621573.89
82,206513968-4,2019-10-03,Ford,NASDAQ,2661,Explorer,543868.35,668721.71,769747.10
83,976783313-7,2019-10-31,Ford,NYSE,4890,E350,91186.53,21124.35,549432.19
84,527815755-0,2020-01-07,Chrysler,NYSE,1344,LHS,363613.12,892213.66,657742.12
85,723390322-0,2019-12-10,Subaru,NASDAQ,2764,Impreza,975655.99,561858.50,74719.18
86,163316586-8,2020-03-18,Mazda,NASDAQ,8105,Mazda5,748477.73,150542.85,409416.46
87,149469217-1,2020-02-23,Chevrolet,NASDAQ,5458,Suburban 2500,427293.48,387062.42,177688.18
88,671107490-4,2020-03-25,Mercedes-Benz,NASDAQ,3721,CL-Class,13225.85,271290.06,699978.77
89,640854409-6,2019-06-23,Dodge,NASDAQ,1189,Ram 1500,905631.77,797950.76,957653.11
90,609198879-4,2019-08-21,Buick,NASDAQ,3640,Special,895566.73,14766.44,736837.06
91,028046870-9,2020-03-01,Buick,NYSE,8749,Park Avenue,954282.31,656101.39,753884.88
92,187424470-7,2019-10-23,Chevrolet,NASDAQ,6458,Sportvan G30,704155.54,821104.31,489523.38
93,191576297-9,2019-09-04,Lotus,NYSE,4715,Elan,871387.01,147717.77,425278.11
94,955221835-7,2019-08-31,Maserati,NYSE,8328,Coupe,402409.18,674877.32,224160.43
95,977262779-5,2020-02-19,Pontiac,NASDAQ,9473,Bonneville,84861.35,314307.18,629436.25
96,659078796-4,2019-09-05,Nissan,NASDAQ,8487,200SX,712497.19,28850.28,645159.13
97,349506454-0,2019-09-18,Chevrolet,NYSE,4858,Monte Carlo,405766.49,268287.01,776909.28
98,856935013-9,2019-07-09,Toyota,NYSE,5031,FJ Cruiser,369892.53,726460.02,181968.57
99,427549248-X,2020-01-30,Cadillac,NYSE,4633,Eldorado,229153.71,113709.59,909019.66
100,343097241-8,2019-11-19,Dodge,NASDAQ,4599,Ram Van 1500,644702.23,411300.51,97103.20
101,954043577-3,2020-01-21,Pontiac,NASDAQ,3744,Bonneville,68894.87,328928.50,962318.06
102,433903995-0,2020-03-12,Kia,NYSE,2687,Sephia,87602.57,509024.72,499734.23
103,895695051-2,2019-04-12,Dodge,NYSE,6163,Charger,775645.05,285974.93,121398.30
104,718565089-5,2019-05-06,Toyota,NYSE,3107,TundraMax,76228.19,61632.31,546772.67
105,146175115-2,2020-02-22,Cadillac,NYSE,9448,Eldorado,604746.94,630839.97,594157.73
106,362933977-8,2019-12-12,Subaru,NYSE,1075,Legacy,983867.08,188748.85,768984.69
107,370407828-X,2019-11-29,GMC,NASDAQ,8898,Envoy XUV,296784.63,738044.38,879437.49
108,414233463-8,2019-11-17,Ford,NASDAQ,9673,LTD,46929.22,897687.15,227073.12
109,481519258-8,2019-09-13,Ford,NASDAQ,8229,Th!nk,514377.31,221912.05,39376.68
110,828037316-0,2020-04-07,Cadillac,NASDAQ,8916,Escalade,663505.19,590290.12,79687.93
111,202936357-X,2019-12-06,Dodge,NASDAQ,8797,Charger,497415.21,738548.60,49311.76
112,331855084-1,2019-12-29,Cadillac,NYSE,2816,Catera,423561.87,954927.01,46171.18
113,623962506-X,2020-02-11,Dodge,NYSE,4184,Dakota Club,654596.59,278551.19,90113.64
114,006910160-4,2020-02-11,Nissan,NYSE,5648,Sentra,559807.62,511721.25,649866.94
115,117865288-2,2019-06-15,Nissan,NYSE,9481,Altima,26688.53,790090.01,945544.85
116,158704070-0,2019-07-30,Suzuki,NASDAQ,7513,Esteem,905325.21,142566.29,698277.93
117,581881110-7,2019-10-09,Lincoln,NYSE,3156,Continental,644982.75,12338.72,893043.90
118,549343579-9,2019-04-16,Saab,NASDAQ,6300,9-5,337564.76,848619.92,580549.59
119,192048059-5,2019-11-02,Lexus,NYSE,1371,RX,462427.33,307067.57,661698.09
120,676280885-9,2020-04-04,Subaru,NYSE,6477,Legacy,434147.10,535505.33,354033.35
121,548218079-4,2019-09-02,Scion,NYSE,7843,tC,976742.44,48575.36,222309.23
122,213739568-1,2019-08-21,Land Rover,NYSE,1128,Discovery,638170.51,733315.63,375516.96
123,967236391-5,2019-08-07,Buick,NYSE,6968,Regal,427677.69,562726.18,910624.98
124,907285569-8,2019-04-16,Mercedes-Benz,NASDAQ,5254,CLS-Class,483164.32,558026.99,170317.22
125,759714954-9,2019-07-20,Honda,NASDAQ,1583,Accord,986153.40,944075.46,835475.65
126,987434113-0,2019-12-07,Alfa Romeo,NYSE,2769,Spider,115026.81,771700.88,259726.36
127,724233580-9,2019-08-11,Dodge,NYSE,7776,Ram 2500,899649.04,956125.71,505748.99
128,719678789-7,2020-01-26,Mercedes-Benz,NYSE,5922,SL-Class,155837.58,174999.34,36640.28
129,225875970-6,2019-09-03,Oldsmobile,NYSE,1215,Intrigue,367521.59,67122.85,669197.41
130,226542291-6,2019-07-09,Ford,NYSE,9447,Crown Victoria,904641.43,226497.87,840995.90
131,797853446-4,2019-09-29,Dodge,NYSE,3808,Viper,137121.22,276194.12,836425.23
132,341253883-3,2019-07-15,Audi,NYSE,5175,4000s Quattro,491101.41,658899.82,874817.46
133,773093890-1,2019-11-14,Chevrolet,NYSE,4535,Suburban 2500,253146.90,584231.38,968008.11
134,289908743-6,2019-08-31,Mercury,NASDAQ,1363,Grand Marquis,897880.28,537748.32,690603.43
135,799664464-0,2019-07-06,Acura,NASDAQ,7432,Vigor,520241.76,339676.98,678995.50
136,584339510-3,2019-08-31,Volkswagen,NASDAQ,5800,GLI,593911.09,678883.14,275084.83
137,892954133-X,2019-08-19,Toyota,NASDAQ,2608,4Runner,516954.79,141538.09,324229.93
138,701491177-5,2020-04-07,Ford,NYSE,1678,E250,952498.77,668314.05,447330.09
139,761210282-X,2020-03-19,Nissan,NASDAQ,6434,Sentra,639731.74,244254.62,617361.44
140,459967859-7,2019-11-15,Nissan,NASDAQ,8353,Rogue,373142.11,621001.99,505820.74
141,610752802-4,2019-05-08,Suzuki,NYSE,2010,Swift,461359.25,774361.45,568486.16
142,655885769-3,2019-08-26,Dodge,NASDAQ,7284,Intrepid,7831.81,90856.66,334487.03
143,942320836-3,2020-01-07,Lincoln,NYSE,8709,LS,889382.74,128559.84,569285.58
144,414508368-7,2020-01-24,Dodge,NYSE,2126,Ram 2500,846776.16,399356.02,602481.72
145,869147642-7,2019-05-12,Oldsmobile,NASDAQ,6367,Aurora,180306.77,887436.65,227364.42
146,982766276-7,2019-12-28,Dodge,NASDAQ,7524,Spirit,75934.99,111134.95,194579.31
147,063020912-X,2019-06-04,Subaru,NYSE,6095,Leone,13648.85,369755.59,390594.06
148,496989361-6,2020-01-11,BMW,NASDAQ,9699,M3,536261.60,54307.02,314725.27
149,237271293-4,2019-04-29,Pontiac,NASDAQ,8664,Torrent,288820.55,329102.59,257219.85
150,155076217-6,2020-02-07,Ford,NYSE,6421,Windstar,854755.62,567231.70,650748.34
151,085702290-3,2019-11-03,Buick,NYSE,7709,Terraza,909562.65,575381.54,892908.65
152,953546656-9,2020-01-31,Lotus,NASDAQ,6009,Esprit,610096.67,602204.31,495648.28
153,225552684-0,2019-06-12,Cadillac,NASDAQ,6059,CTS,311774.42,25609.61,637558.25
154,219423800-X,2020-01-21,Aston Martin,NASDAQ,7100,Virage,889182.68,637094.49,304935.90
155,531721177-8,2020-02-08,Land Rover,NYSE,3191,Range Rover,904731.23,473066.65,672573.01
156,274968679-2,2019-04-20,Mercury,NASDAQ,5384,Mountaineer,365355.96,629034.03,309733.36
157,736855313-9,2020-03-24,Ford,NYSE,8850,E250,34779.37,259871.87,327905.51
158,937995221-X,2019-09-24,Mercedes-Benz,NYSE,6560,CLS-Class,30234.49,22634.74,152570.95
159,812834439-0,2019-05-03,Mitsubishi,NASDAQ,1061,Precis,772891.56,298408.47,344283.47
160,381484417-3,2019-10-21,Toyota,NYSE,8992,Tercel,592955.71,828759.30,336191.58
161,885889781-1,2019-06-20,Pontiac,NASDAQ,1085,Montana,533366.90,657404.90,922431.47
162,259736134-9,2019-06-08,Bentley,NASDAQ,3688,Continental GTC,920212.92,254999.17,69369.88
163,867840797-2,2020-01-17,GMC,NASDAQ,4646,2500 Club Coupe,400983.95,873461.27,643490.46
164,688310614-6,2020-02-09,Honda,NYSE,9781,Civic,676316.56,480301.65,851094.09
165,816250153-3,2019-09-26,Chrysler,NASDAQ,8339,Voyager,324869.10,244441.79,3093.74
166,149004526-0,2020-03-10,Pontiac,NASDAQ,6503,Vibe,902204.02,404606.82,315867.71
167,623906690-7,2019-10-23,Chevrolet,NASDAQ,8572,Corvette,205767.58,696629.34,520633.96
168,518866817-3,2019-07-20,Mercury,NYSE,9832,Villager,270405.41,590852.21,19960.15
169,290424549-9,2019-04-26,Porsche,NYSE,4404,911,998141.86,314689.87,819924.58
170,037352262-2,2020-02-23,Honda,NYSE,4663,Passport,836108.19,601336.55,365833.56
171,686485515-5,2019-12-17,Ford,NYSE,3399,Windstar,810115.89,39243.01,91200.26
172,449823793-5,2019-06-02,Land Rover,NASDAQ,5999,Defender,801030.83,892695.41,414010.37
173,614086913-7,2019-11-23,Mercedes-Benz,NASDAQ,6624,S-Class,230380.81,968305.22,673119.55
174,651684376-7,2019-12-26,Mercury,NASDAQ,2599,Cougar,178253.10,667269.09,555386.02
175,401221478-0,2019-11-25,Ford,NASDAQ,2864,E350,842805.73,742525.74,248449.88
176,802375536-6,2019-10-10,Mercedes-Benz,NYSE,4296,G-Class,834057.02,441657.62,611430.45
177,842637617-7,2019-10-11,Volkswagen,NYSE,2055,Jetta,964733.57,438414.08,504717.46
178,137138849-0,2019-08-20,Austin,NASDAQ,7987,Mini Cooper,721051.85,592841.26,79221.15
179,677833031-7,2019-10-07,Chevrolet,NYSE,4164,Corvette,886743.63,677144.70,565486.39
180,271800544-0,2019-08-20,Mazda,NYSE,1508,Mazda5,850312.92,861675.12,324909.31
181,309176139-8,2019-08-10,Ford,NYSE,5483,Aerostar,184512.18,584156.67,70634.60
182,405360212-2,2020-03-25,Pontiac,NASDAQ,5014,Grand Prix,608119.62,705119.69,172142.19
183,444199680-2,2019-08-06,Toyota,NASDAQ,8413,MR2,65621.00,990917.33,670581.06
184,674112492-6,2019-08-27,Oldsmobile,NASDAQ,4816,Alero,533161.38,146600.53,384978.43
185,661318171-4,2019-07-17,Jaguar,NASDAQ,1545,XK Series,281129.14,399633.61,22896.92
186,258670578-5,2019-12-05,Honda,NYSE,5693,Insight,995200.04,897828.28,537243.46
187,416839249-X,2020-02-12,Ford,NASDAQ,2504,E-350 Super Duty Van,526340.43,677417.65,49777.78
188,408839367-8,2019-07-21,Ford,NYSE,3404,F350,746412.44,529755.95,832112.30
189,431484967-3,2019-08-16,Chrysler,NASDAQ,5023,Voyager,206733.79,100681.36,996669.83
190,006256534-6,2020-02-24,Ford,NYSE,1646,Courier,500389.27,172958.05,369064.26
191,570798195-0,2019-04-11,Land Rover,NASDAQ,9798,Range Rover Sport,367135.74,146265.52,342341.76
192,645448361-4,2019-06-02,Lexus,NASDAQ,9277,GS,979945.70,357136.56,193717.23
193,750613418-7,2020-04-05,Maybach,NASDAQ,9551,62,774657.73,226493.05,513255.82
194,777937679-6,2020-01-17,Ford,NYSE,7838,Mustang,289288.02,306305.34,262770.97
195,385409064-1,2019-05-02,Hyundai,NASDAQ,9718,Sonata,709975.28,662112.95,5988.62
196,029683077-1,2019-11-15,Honda,NYSE,2068,Accord,624177.27,247491.05,246388.68
197,135643012-0,2019-10-07,Mercedes-Benz,NYSE,8443,SL-Class,930605.30,937189.62,495058.85
198,709151444-0,2019-05-09,Mercury,NASDAQ,4901,Sable,48611.12,802257.30,863817.63
199,737212865-X,2019-07-15,Mercury,NYSE,8131,Topaz,792976.68,487687.97,453812.97
200,243000764-9,2019-06-19,Suzuki,NYSE,3982,SX4,548012.66,362179.27,110927.34
201,835046083-0,2019-08-22,Rolls-Royce,NYSE,7193,Phantom,273231.90,325363.82,142371.45
202,213618600-0,2020-03-15,Buick,NASDAQ,4101,Somerset,643611.70,445334.29,7980.81
203,702459180-3,2020-01-17,Maybach,NASDAQ,9354,Landaulet,34582.86,706578.57,973978.78
204,247190846-2,2020-02-04,Ferrari,NASDAQ,7154,430 Scuderia,653211.76,519261.48,606022.44
205,358101406-8,2020-01-08,Dodge,NYSE,7642,Grand Caravan,176143.01,787699.68,211511.19
206,341040624-7,2019-06-24,Dodge,NYSE,9380,D150,311096.10,964588.29,895378.34
207,826101306-5,2019-04-21,Volkswagen,NASDAQ,6309,Passat,451991.62,912757.47,712899.21
208,538012255-8,2019-04-22,Honda,NYSE,5348,Odyssey,474252.84,608163.40,426043.30
209,573531189-1,2019-04-30,Kia,NASDAQ,4438,Sportage,8924.67,968702.63,451989.66
210,864895836-9,2019-08-13,Volkswagen,NYSE,1724,Eos,773202.19,473027.13,552271.13
211,089532523-3,2019-12-16,Acura,NYSE,4286,TL,752156.77,504638.04,673962.16
212,314697937-3,2019-06-26,Volkswagen,NASDAQ,7432,Passat,331280.84,253707.37,282867.97
213,709149324-9,2020-02-12,Mercury,NYSE,4062,Marauder,293411.72,550333.98,180673.63
214,026074313-5,2019-07-25,Nissan,NASDAQ,2685,Pathfinder,498961.30,474851.40,28112.25
215,604957992-X,2019-09-24,BMW,NASDAQ,5391,525,127842.82,432173.96,367653.07
216,115289785-3,2019-05-13,Acura,NASDAQ,7402,CL,819180.59,495.90,2472.40
217,423000287-4,2019-05-13,Infiniti,NASDAQ,4208,Q,854478.49,403369.69,764716.54
218,178779177-7,2019-06-18,Audi,NYSE,3979,4000s,254417.14,352848.96,676321.17
219,889226638-1,2019-10-26,GMC,NYSE,9453,Savana 1500,281131.23,122721.23,546339.40
220,221179037-2,2019-10-16,Jeep,NASDAQ,7302,Liberty,893818.90,15441.71,449981.37
221,287433260-7,2020-03-26,Lincoln,NASDAQ,8217,Town Car,191116.30,690856.74,371790.59
222,421941978-0,2019-05-19,Chrysler,NYSE,2771,300,387863.33,306715.49,705535.75
223,263801599-7,2019-04-14,Ford,NYSE,5116,Focus,461337.38,836031.44,591303.95
224,136993580-3,2019-12-15,Mazda,NYSE,7979,CX-9,915867.29,28508.83,904776.44
225,137456373-0,2019-04-12,Cadillac,NYSE,2233,DTS,505658.15,21154.28,420541.77
226,367305246-2,2019-12-03,Chevrolet,NYSE,6222,Caprice Classic,909542.21,763614.63,432336.66
227,378529294-5,2019-07-08,Mazda,NASDAQ,2743,MX-5,42517.57,153079.73,426279.83
228,632498058-8,2019-09-09,Porsche,NYSE,8984,Cayenne,44919.97,395091.04,628134.61
229,742178594-9,2019-10-30,Nissan,NYSE,5857,Quest,239369.82,73763.35,616869.54
230,328019048-7,2019-12-15,Ford,NASDAQ,3331,Taurus,548208.02,123992.48,93549.29
231,177727960-7,2020-03-28,Lotus,NYSE,6517,Esprit,556252.54,947840.36,723459.68
232,834599597-7,2019-11-15,Subaru,NYSE,1143,Impreza,407006.75,748701.85,903012.06
233,334039201-3,2020-02-10,Pontiac,NASDAQ,8058,6000,17851.94,525302.04,217221.09
234,194206509-4,2019-07-18,Volkswagen,NASDAQ,9327,Cabriolet,531663.93,875526.64,751627.26
235,704548476-3,2019-07-19,Dodge,NASDAQ,6603,Stratus,613923.15,742744.55,953642.61
236,921286518-6,2019-11-09,Cadillac,NYSE,8848,CTS-V,231070.95,322656.45,207955.62
237,951407642-7,2019-04-29,Ford,NASDAQ,1411,LTD Crown Victoria,595399.20,114312.23,723732.56
238,046465946-9,2019-06-22,Mercedes-Benz,NASDAQ,3038,SLK-Class,290836.08,652126.18,85544.96
239,028451761-5,2019-04-29,Panoz,NYSE,4278,Esperante,336664.41,906426.32,187409.94
240,155176378-8,2019-05-18,Pontiac,NASDAQ,9469,Trans Sport,919129.52,625585.34,548977.87
241,710549833-1,2019-10-29,Volkswagen,NYSE,9699,Beetle,918112.08,409939.25,20758.86
242,197021965-3,2019-10-06,Buick,NYSE,8715,Lucerne,25314.96,10303.26,490430.61
243,217247635-8,2019-09-18,Mazda,NYSE,5529,CX-9,616555.91,339653.76,989840.56
244,107554541-2,2020-03-13,Mercedes-Benz,NYSE,5539,SL-Class,209234.74,626963.94,158937.33
245,524718745-8,2019-09-03,Nissan,NYSE,6850,Xterra,288724.08,121982.67,324617.04
246,177914390-7,2020-03-28,Audi,NYSE,3295,A4,269864.71,703219.31,575929.92
247,998602905-8,2020-03-18,Ford,NYSE,7651,Econoline E250,263154.81,79179.45,412731.42
248,794038274-8,2020-03-07,Pontiac,NASDAQ,5501,Vibe,999429.39,635566.85,144209.19
249,196796807-1,2019-06-23,Volkswagen,NYSE,3519,Jetta,706445.94,520418.97,166312.87
250,694899709-0,2020-02-12,Nissan,NASDAQ,9207,Maxima,28041.57,759792.77,334446.47
251,049725987-7,2020-03-01,GMC,NASDAQ,2024,Safari,786510.60,993646.81,966424.42
252,131873461-4,2019-05-05,Jeep,NYSE,8395,Compass,583562.49,497250.08,210160.33
253,205787282-3,2019-12-02,Volkswagen,NYSE,5367,Phaeton,679635.07,444508.26,801042.38
254,433469941-3,2019-10-15,Ferrari,NASDAQ,6458,430 Scuderia,716391.89,933826.66,603755.58
255,056281216-4,2020-03-14,Hyundai,NASDAQ,2543,Scoupe,963689.08,711614.31,695031.40
256,114523079-2,2019-09-22,Cadillac,NASDAQ,6752,DeVille,314578.84,747995.54,155663.00
257,525189051-6,2019-05-06,Nissan,NYSE,4644,Frontier,398005.52,504342.10,58535.77
258,038236130-X,2019-12-18,Toyota,NASDAQ,1305,Highlander,981907.79,994710.67,366349.52
259,851323585-7,2019-07-21,Eagle,NASDAQ,7945,Summit,413952.83,949363.60,254375.60
260,260247036-8,2019-12-14,Chevrolet,NYSE,1678,Silverado 2500,913607.31,885778.38,893391.34
261,249685407-2,2019-12-25,BMW,NASDAQ,9216,5 Series,735365.06,852176.99,367041.22
262,270230469-9,2019-08-24,Maybach,NASDAQ,3197,62,581528.60,168969.26,182475.19
263,116044871-X,2019-07-06,Toyota,NASDAQ,4473,Prius Plug-in,729735.53,941698.25,546912.04
264,624118828-3,2019-06-19,Mercedes-Benz,NYSE,3513,E-Class,803361.06,293254.75,994936.41
265,368366887-3,2020-01-22,Plymouth,NYSE,4080,Neon,738764.19,381617.25,433131.58
266,184770734-3,2020-01-24,Lamborghini,NASDAQ,2195,Diablo,55126.24,859085.85,430832.10
267,843640212-X,2019-06-04,Suzuki,NYSE,5889,Aerio,548111.24,511318.44,681466.19
268,808061524-1,2019-10-13,GMC,NYSE,5670,3500,340704.92,537049.25,112469.95
269,834311464-7,2019-07-12,Mazda,NASDAQ,9823,Tribute,538989.49,846232.55,322134.31
270,936473492-0,2019-06-06,GMC,NASDAQ,8916,Envoy,438677.52,375245.05,448272.72
271,023372243-2,2019-06-23,Acura,NASDAQ,1499,RL,735948.24,231723.07,602656.25
272,006428539-1,2019-04-14,GMC,NASDAQ,8700,3500 Club Coupe,739546.22,255386.16,524998.22
273,424470432-9,2019-08-31,Pontiac,NYSE,7401,Gemini,963083.42,624762.08,183936.55
274,040070111-1,2019-08-25,Mazda,NASDAQ,6597,Mazda6,343041.36,767691.21,456109.75
275,059538622-9,2019-07-02,Lotus,NASDAQ,4097,Exige,854100.79,52927.85,697770.68
276,069572466-5,2020-01-09,Infiniti,NASDAQ,7115,QX56,525426.57,329145.31,326033.98
277,098152614-4,2019-12-22,Toyota,NYSE,1285,Corolla,146167.67,615736.68,605447.93
278,033669393-1,2019-10-09,Mercedes-Benz,NYSE,7324,SLK-Class,614378.13,388509.43,422299.10
279,757404553-4,2019-04-20,Honda,NASDAQ,1486,Pilot,28809.98,266858.08,546073.76
280,583529978-8,2019-11-12,Dodge,NYSE,1124,Dakota,229103.45,979327.82,750851.38
281,008102826-1,2020-01-31,GMC,NASDAQ,2694,Savana 2500,84022.27,76664.81,961677.06
282,232236181-X,2019-05-06,Lincoln,NYSE,6506,MKS,454724.86,893258.29,464987.86
283,482124087-4,2020-02-03,Ford,NYSE,8319,Bronco,971114.24,687270.51,823491.95
284,570963087-X,2019-08-09,Jaguar,NYSE,7983,X-Type,845482.17,94359.19,898353.15
285,157132259-0,2019-08-24,Aston Martin,NASDAQ,7578,DB9,176276.90,360651.60,772354.88
286,948506484-5,2019-07-26,Scion,NASDAQ,2371,xB,67422.76,890695.33,644926.79
287,927867544-X,2019-07-22,Honda,NYSE,2737,CR-V,571777.80,457409.82,87778.97
288,693834767-0,2019-08-15,Pontiac,NYSE,1023,Grand Am,106265.60,840742.06,387732.59
289,761329766-7,2019-08-19,Saab,NASDAQ,2781,9-4X,722560.02,158004.36,553729.86
290,739722053-3,2019-10-07,Ford,NYSE,8305,Bronco,598119.11,537927.67,753192.15
291,887481287-6,2020-03-23,Honda,NYSE,8977,Civic,492307.71,587545.40,722355.77
292,129548225-8,2020-03-15,Infiniti,NYSE,1450,IPL G,321330.37,237494.80,863552.94
293,454412412-3,2019-05-07,Lincoln,NASDAQ,5998,Navigator,780323.67,38826.63,159787.36
294,439841501-7,2020-01-26,Subaru,NASDAQ,8863,Forester,462219.48,613445.54,454156.14
295,331982481-3,2020-01-08,Daewoo,NASDAQ,9189,Lanos,824010.80,427878.61,140840.02
296,463874618-7,2020-03-13,Ford,NASDAQ,5815,Probe,776256.13,964091.44,952310.94
297,680311757-X,2019-11-11,Volkswagen,NASDAQ,4110,Passat,534574.17,326208.46,294060.32
298,612139519-2,2019-07-08,Mercedes-Benz,NYSE,7982,Sprinter 2500,811645.74,128044.25,477631.63
299,636343310-X,2019-08-17,Ford,NASDAQ,7051,Probe,7836.08,983784.64,429703.61
300,703942802-4,2019-10-07,Suzuki,NYSE,6561,Daewoo Lacetti,468950.17,744619.98,773323.00
301,855742286-5,2020-01-20,GMC,NYSE,8439,Savana 3500,174127.88,354094.76,442895.75
302,229859593-3,2019-10-03,Pontiac,NASDAQ,7428,Sunfire,502530.59,88677.35,141549.43
303,366866651-2,2020-03-26,BMW,NASDAQ,8655,M6,14421.84,915433.73,488797.59
304,915326102-X,2020-02-23,Mitsubishi,NASDAQ,3256,Galant,573985.00,598687.28,105136.05
305,018646315-4,2019-09-13,Acura,NYSE,4946,TSX,547921.22,851005.04,842685.73
306,203956079-3,2019-09-06,Land Rover,NYSE,8149,Range Rover,796985.42,495616.29,928875.27
307,017347579-5,2019-07-19,Mercedes-Benz,NYSE,7289,SL-Class,859311.95,431789.28,220544.08
308,557388102-7,2019-10-21,Chrysler,NYSE,5393,Pacifica,979388.00,816478.11,687722.08
309,899245556-9,2019-05-18,GMC,NYSE,5603,Yukon,667404.76,495388.15,976189.25
310,184940578-6,2019-11-13,Suzuki,NYSE,3800,Swift,185641.43,729745.11,693382.79
311,509496272-8,2019-07-04,Mazda,NASDAQ,3953,626,822367.37,996528.44,848649.16
312,985946645-9,2020-04-01,Subaru,NASDAQ,7106,Outback,378858.00,736272.53,540721.40
313,813905871-8,2019-08-17,Hummer,NASDAQ,6632,H1,200986.14,600824.60,126704.94
314,687256986-7,2019-05-05,Pontiac,NYSE,8821,Grand Am,722062.91,835331.02,857186.27
315,840012780-3,2019-05-05,Chevrolet,NYSE,9106,Malibu,297972.85,439720.87,199996.71
316,852236109-6,2020-02-23,Mercedes-Benz,NYSE,4186,W201,454251.67,517292.65,104487.85
317,366522133-1,2019-06-15,Honda,NASDAQ,4959,CR-V,526972.72,245132.32,256747.14
318,435129813-8,2020-03-10,Ford,NYSE,9545,E-Series,759550.75,756099.11,729842.33
319,080675493-1,2020-03-10,Honda,NASDAQ,2578,del Sol,932501.46,824160.58,843132.92
320,383384561-9,2020-03-28,Nissan,NYSE,5513,Quest,363931.72,353460.29,624356.36
321,381431409-3,2019-04-29,Maserati,NASDAQ,7575,GranSport,586137.32,564183.63,654243.22
322,596232820-5,2019-05-21,Volkswagen,NYSE,9800,Eurovan,537381.66,723551.78,740501.32
323,759303141-1,2019-11-29,Hyundai,NYSE,9691,Veracruz,289604.54,273147.12,325178.42
324,430122696-6,2019-11-10,Ford,NYSE,5861,GT,716359.98,291775.70,955334.03
325,710730397-X,2019-05-14,Chevrolet,NASDAQ,6164,Classic,811249.16,649778.41,745823.01
326,957610545-5,2019-06-27,Ford,NYSE,7059,F350,213998.01,306535.56,173682.76
327,091824664-4,2019-12-11,Mercury,NYSE,4540,Grand Marquis,887200.10,981139.80,303165.69
328,007410313-X,2019-05-03,Ford,NYSE,1690,F-Series Super Duty,880118.60,232505.43,476460.27
329,520597474-5,2020-02-08,Lincoln,NASDAQ,8869,Navigator L,468530.27,999162.90,525873.09
330,863441389-6,2020-03-02,Chrysler,NYSE,6926,Town & Country,855796.44,803807.28,320720.15
331,272724838-5,2019-09-10,Honda,NYSE,9996,Prelude,701449.17,306838.48,304454.56
332,712410747-4,2019-08-30,Acura,NYSE,8253,NSX,428759.16,890151.40,385333.35
333,715036115-3,2019-10-28,Toyota,NYSE,5274,Avalon,11375.70,235030.29,168927.37
334,528341232-6,2020-01-05,Nissan,NASDAQ,4365,Quest,455506.28,423096.65,497519.31
335,988480225-4,2019-08-20,Subaru,NYSE,9724,Legacy,190662.39,672282.04,723127.95
336,587731086-0,2019-06-09,Chevrolet,NYSE,1834,3500,787521.10,419984.18,541419.87
337,181058692-5,2019-10-31,Mazda,NYSE,5782,CX-7,15896.13,31033.05,225739.64
338,838457946-6,2019-08-08,Nissan,NASDAQ,2509,Sentra,780748.32,12380.87,681770.67
339,433570392-9,2019-10-21,GMC,NASDAQ,8270,1500,385507.20,954282.71,12638.34
340,742462283-8,2019-09-27,Subaru,NASDAQ,9280,Leone,359969.21,476700.42,250508.33
341,538866615-8,2019-10-03,Nissan,NASDAQ,5758,Murano,742781.35,547074.85,772668.45
342,248267507-3,2019-06-20,Scion,NASDAQ,4855,xD,770320.66,332373.26,23700.60
343,486412867-7,2019-06-25,Mercury,NYSE,7724,Mariner,585112.61,994571.55,79659.53
344,147448415-8,2020-02-09,Audi,NYSE,7885,Allroad,141516.43,417789.20,816678.36
345,246761636-3,2020-01-16,Toyota,NYSE,3647,Tacoma Xtra,403480.85,989688.06,180256.72
346,733631424-4,2019-12-06,Dodge,NASDAQ,8449,Omni,4802.04,884567.27,854101.20
347,293746534-X,2019-06-30,Nissan,NYSE,1737,Frontier,255255.09,274977.39,454977.25
348,287155993-7,2019-06-06,Buick,NYSE,3579,LeSabre,228272.23,614616.34,108158.78
349,915031320-7,2019-06-16,Dodge,NYSE,1972,Charger,584577.74,297578.08,562821.55
350,668593013-6,2019-09-15,Ford,NYSE,7130,E350,145618.54,996015.67,698280.13
351,360017051-1,2019-08-05,Isuzu,NASDAQ,3797,i-370,64512.79,344075.35,190706.95
352,410447188-7,2019-07-20,Lincoln,NASDAQ,8217,Continental,865962.68,956626.87,530182.65
353,860589135-1,2019-04-22,Mazda,NASDAQ,5385,CX-9,79411.30,16770.58,387607.70
354,395553780-3,2020-01-16,Hyundai,NYSE,8555,Genesis,858846.65,25180.02,664675.44
355,746428743-6,2019-06-11,Pontiac,NASDAQ,9516,Torrent,432906.76,269886.08,195232.17
356,048744488-4,2019-10-12,Mitsubishi,NYSE,8994,Chariot,801248.95,239136.55,158.32
357,014785353-2,2019-09-05,Chrysler,NYSE,9042,300M,588622.70,606410.22,460700.57
358,973113856-0,2020-02-13,Volvo,NYSE,6535,C70,356400.28,547448.68,525006.27
359,480087851-9,2019-11-07,Shelby,NYSE,5621,GT500,444042.20,214923.12,877670.37
360,635899405-0,2020-01-03,Ford,NASDAQ,4369,Aspire,949069.87,88848.95,729823.42
361,985591307-8,2019-12-01,Buick,NYSE,7380,LeSabre,634577.86,737396.01,960597.27
362,520185653-5,2019-05-02,Volkswagen,NYSE,4188,GTI,398412.25,946390.20,709305.56
363,174005766-X,2019-11-16,Chevrolet,NYSE,4358,2500,372417.21,195514.42,857868.84
364,486243939-X,2019-07-02,GMC,NASDAQ,9458,Canyon,520321.18,583136.21,263141.38
365,172085337-1,2019-07-18,Volkswagen,NASDAQ,1384,Golf,377339.21,348262.25,230515.55
366,051267278-4,2019-05-17,Cadillac,NASDAQ,6586,XLR,871600.92,627896.97,861927.79
367,767740136-8,2020-01-17,Honda,NASDAQ,2095,Passport,341627.96,394115.56,492312.35
368,950564071-4,2019-10-17,Lotus,NYSE,3943,Elise,901767.52,323365.56,480745.27
369,296497952-9,2019-08-27,Porsche,NASDAQ,6389,911,233012.35,950632.77,547.50
370,415273421-3,2019-10-17,Chevrolet,NASDAQ,2855,2500,288037.60,751378.75,542434.72
371,171998649-5,2019-10-22,Nissan,NYSE,4541,Pathfinder,52689.62,582887.84,529390.09
372,326110975-0,2019-08-04,Cadillac,NYSE,6507,Escalade ESV,52495.74,418959.04,249594.34
373,812784153-6,2020-03-07,Mitsubishi,NYSE,2180,Starion,512901.03,196807.31,2010.23
374,055107981-9,2019-11-27,Plymouth,NYSE,1670,Sundance,841567.92,673570.99,473344.56
375,347890716-0,2019-05-06,Mercury,NYSE,6562,Marquis,481069.21,287683.77,710682.98
376,812715272-2,2019-10-24,GMC,NASDAQ,3732,Savana 1500,2849.88,792179.67,572600.28
377,838250503-1,2019-06-07,Audi,NYSE,2811,riolet,103513.39,924378.79,866925.11
378,125523660-4,2019-11-10,Mitsubishi,NASDAQ,7497,Mirage,482357.84,302625.33,174191.58
379,532062897-8,2019-04-19,BMW,NASDAQ,6779,X3,691099.63,507821.47,526571.52
380,384416204-6,2019-04-09,Mazda,NYSE,8648,CX-9,371349.74,535901.15,917225.56
381,041555505-1,2020-03-16,Toyota,NASDAQ,8879,T100,2464.00,817054.72,43061.50
382,040193088-2,2019-12-18,Porsche,NYSE,5934,Boxster,478484.98,236203.03,353807.47
383,264372154-3,2019-08-19,Mitsubishi,NYSE,1034,Truck,750525.74,570346.90,908170.31
384,108828936-3,2019-05-11,Mitsubishi,NASDAQ,2640,Diamante,960084.05,27541.22,258857.76
385,608322532-9,2019-06-05,Dodge,NYSE,3702,Ram 1500,747631.46,455528.80,592022.13
386,557620272-4,2019-09-16,Pontiac,NASDAQ,2995,6000,59816.71,920915.52,230050.56
387,058637360-8,2020-02-02,Buick,NYSE,1804,Reatta,677112.83,569701.90,198258.76
388,536555553-8,2019-06-21,Nissan,NASDAQ,7604,200SX,437733.51,784193.49,435998.70
389,676864836-5,2019-08-29,Plymouth,NYSE,5652,Acclaim,488894.20,305155.95,603146.40
390,802311523-5,2020-04-06,Toyota,NYSE,4636,Solara,402589.05,457847.72,635513.62
391,355916304-8,2019-11-19,Cadillac,NYSE,9799,STS-V,968950.67,201817.73,931618.34
392,403560583-2,2019-05-31,Mercedes-Benz,NYSE,8516,M-Class,682689.13,429838.10,211811.40
393,514252856-5,2019-10-07,Subaru,NYSE,1814,Tribeca,990036.47,521655.23,457672.32
394,439568055-0,2020-03-31,Lincoln,NYSE,7448,Continental Mark VII,402888.21,187823.44,352208.90
395,027572926-5,2019-05-18,Alfa Romeo,NYSE,6688,Spider,656111.30,919115.98,640977.28
396,675775971-3,2019-11-10,Mazda,NYSE,4031,RX-8,656922.47,265278.34,895497.05
397,321634040-6,2019-07-02,Chevrolet,NASDAQ,5555,Aveo,928621.68,602743.24,427345.00
398,871981720-7,2019-08-26,Mazda,NYSE,4689,Mazda2,327080.60,254017.32,143527.64
399,559822257-4,2019-06-16,Chevrolet,NASDAQ,4365,S10,981216.02,419569.38,742899.96
400,911699204-0,2020-01-28,Volkswagen,NYSE,8127,Touareg,190738.81,148848.29,376037.57
401,118704791-0,2019-08-24,Ford,NASDAQ,8906,F250,762657.85,463722.06,660797.32
402,528744131-2,2019-06-08,Mitsubishi,NYSE,2234,Pajero,423835.49,47494.89,556323.07
403,075655212-5,2019-11-30,Volkswagen,NYSE,4445,Golf,642403.05,756059.00,757534.36
404,556173311-7,2019-11-05,Toyota,NYSE,6088,Highlander,404417.12,715671.18,81982.06
405,704633839-6,2020-03-23,Nissan,NASDAQ,9017,Xterra,267100.49,27286.00,792370.39
406,937051753-7,2019-08-25,Hyundai,NASDAQ,3614,Sonata,666866.52,879692.54,532076.15
407,640777992-8,2019-06-15,Mercedes-Benz,NYSE,4128,500SL,398152.31,938374.39,105274.01
408,209475130-9,2019-11-13,Pontiac,NYSE,9348,1000,313039.59,397453.16,840911.98
409,652140710-4,2020-03-08,Buick,NASDAQ,1148,Skylark,351704.90,937237.90,173079.12
410,398088929-7,2019-05-14,Dodge,NYSE,7258,Ram Van 1500,240352.54,77358.28,268131.07
411,330760721-9,2019-07-10,Dodge,NASDAQ,6808,Grand Caravan,731569.96,842819.69,962738.16
412,939267340-X,2019-07-21,Lexus,NASDAQ,3611,GX,774244.79,544648.25,470468.84
413,697900919-2,2019-06-28,Bentley,NASDAQ,1319,Continental GT,981261.28,857361.14,521827.68
414,288509460-5,2020-01-16,Maserati,NYSE,5330,Quattroporte,926235.68,976433.88,449782.46
415,107954021-0,2019-04-14,Porsche,NASDAQ,1855,911,443132.89,542522.74,798136.53
416,510232186-2,2019-08-18,Jaguar,NASDAQ,3203,XJ Series,20283.45,272272.77,396075.15
417,027261123-9,2019-09-09,Kia,NASDAQ,6963,Sorento,706939.58,361967.34,254988.87
418,439369949-1,2020-04-08,Maybach,NASDAQ,4572,62,15725.57,381420.43,756693.08
419,907120753-6,2019-04-28,Nissan,NYSE,5645,Sentra,66575.85,51606.05,63053.11
420,251102293-1,2020-03-08,Oldsmobile,NASDAQ,1392,Cutlass Cruiser,716666.47,78912.99,713375.78
421,728566089-2,2020-03-25,Ford,NYSE,9464,Mustang,883591.91,136796.03,241157.50
422,991844287-5,2019-12-18,Volkswagen,NASDAQ,5089,R32,865559.17,860623.87,699645.79
423,854000069-5,2019-10-22,Chevrolet,NYSE,8986,2500,907121.75,906533.89,890135.93
424,413057977-0,2019-11-03,Bentley,NASDAQ,1938,Mulsanne,952958.45,733592.41,231313.73
425,758249463-6,2019-10-28,Mazda,NYSE,2395,B-Series Plus,29929.81,689346.13,9685.12
426,514312557-X,2020-04-06,Audi,NASDAQ,3733,S6,843183.64,761814.38,963430.64
427,924132022-2,2019-04-18,Toyota,NYSE,4400,Tercel,234062.24,410377.45,743553.21
428,841632877-3,2020-01-26,Toyota,NASDAQ,4518,Camry,634213.75,955268.83,743559.42
429,601749779-0,2019-06-27,Jaguar,NASDAQ,5968,XK Series,487607.79,778097.90,699135.09
430,113349731-4,2020-02-18,Buick,NASDAQ,8243,LeSabre,132446.77,141600.79,660762.31
431,554132529-3,2020-01-09,Mazda,NYSE,8348,Mazda3,736606.80,108664.09,949778.82
432,346780126-9,2020-03-05,Jeep,NASDAQ,9092,Wrangler,623683.10,681970.94,377947.61
433,707295601-8,2020-02-25,Infiniti,NYSE,5877,M,680508.09,217881.39,968885.36
434,141162540-4,2019-05-09,Ford,NASDAQ,9860,Ranger,632135.49,429175.89,231839.47
435,231876781-5,2019-09-26,Saab,NYSE,1838,9000,358302.25,364075.00,195091.69
436,679550333-X,2019-09-26,MINI,NASDAQ,9325,Cooper Clubman,377914.68,463413.82,695541.78
437,532549531-3,2019-07-18,Suzuki,NASDAQ,2853,SJ,996366.75,557334.05,201620.47
438,281531186-0,2020-02-04,Lexus,NASDAQ,2980,LS,588792.73,168554.79,781838.88
439,382601056-6,2019-07-12,Land Rover,NYSE,8651,Discovery,473530.75,630990.02,241870.60
440,749153294-2,2019-10-18,GMC,NASDAQ,4566,Safari,291661.53,561841.45,705429.87
441,073184466-1,2020-01-01,Dodge,NASDAQ,8047,Intrepid,974320.77,755682.07,169988.72
442,909679965-8,2019-12-09,Land Rover,NASDAQ,7560,Range Rover,568578.26,247040.94,32060.66
443,338630017-0,2019-08-19,Hyundai,NYSE,9331,Veloster,621974.77,134067.97,207123.78
444,891490616-7,2019-04-25,Volkswagen,NYSE,7853,Cabriolet,662419.56,754613.98,389846.34
445,916543708-X,2019-08-09,Ford,NYSE,4616,Thunderbird,149627.66,736962.65,630664.60
446,356785298-1,2019-08-29,Ford,NYSE,4748,Escort,781469.40,33519.85,558327.62
447,767332351-6,2019-09-14,Buick,NYSE,4835,Skylark,260857.14,240074.62,810863.23
448,324747675-X,2019-06-21,Chevrolet,NASDAQ,1170,Traverse,859461.44,383179.77,217635.20
449,420629057-1,2019-06-09,Chevrolet,NASDAQ,5007,Corvette,886918.03,257370.64,975506.13
450,337541674-1,2020-03-11,Jeep,NASDAQ,4749,Grand Cherokee,125104.90,790568.51,391520.12
451,194483599-7,2020-01-21,Chevrolet,NASDAQ,3522,Tracker,169982.55,249633.29,279211.11
452,477649684-4,2019-06-16,Honda,NASDAQ,6139,Civic,41406.32,814752.56,837313.71
453,833558133-9,2019-10-20,Porsche,NASDAQ,7626,Cayenne,420353.02,613026.51,704237.23
454,013839816-X,2019-12-07,Buick,NYSE,9237,Riviera,38208.62,800949.28,385204.52
455,482762308-2,2020-03-06,Mercury,NYSE,5960,Mountaineer,576257.18,686747.14,744742.78
456,674917010-2,2019-12-03,Porsche,NYSE,7710,911,777408.49,776254.35,720275.80
457,120413578-9,2019-04-22,Chevrolet,NASDAQ,8547,S10 Blazer,784721.54,214668.91,552862.71
458,730918997-3,2020-01-24,Mazda,NYSE,9191,626,564588.67,466931.56,39679.23
459,593861900-9,2019-10-20,Chevrolet,NASDAQ,2016,Suburban 2500,775766.74,87423.80,735554.97
460,384480027-1,2019-09-10,Toyota,NASDAQ,2099,Supra,839716.59,6653.99,191124.21
461,790771410-9,2019-05-13,Chevrolet,NYSE,6266,Camaro,386850.43,472930.42,948615.66
462,737836693-5,2019-07-28,GMC,NASDAQ,1811,Yukon,944637.88,198758.16,688825.17
463,608169644-8,2020-02-23,Pontiac,NYSE,2648,Bonneville,651013.61,968456.55,381913.25
464,939676372-1,2019-05-12,Ford,NYSE,1741,F-Series,494285.20,364777.35,799030.28
465,818140982-5,2019-11-20,Mercedes-Benz,NYSE,9654,C-Class,470556.19,532865.08,155559.48
466,407444825-4,2020-02-16,Pontiac,NASDAQ,1963,G3,332820.99,703584.91,74305.96
467,484157441-7,2019-09-06,Honda,NASDAQ,4798,Odyssey,152531.95,497843.05,510092.52
468,276701271-4,2019-04-19,Honda,NYSE,9187,CR-V,640297.21,316935.21,984815.86
469,122158811-7,2019-10-29,Jaguar,NYSE,4192,S-Type,509716.18,283636.09,968671.41
470,576551606-8,2019-04-22,Ford,NASDAQ,1781,Edge,613073.44,445530.38,529437.44
471,566361775-2,2019-09-25,Ferrari,NYSE,2882,F430 Spider,559251.31,726951.60,192457.06
472,619766444-5,2020-01-07,Kia,NYSE,5485,Sephia,117232.19,45195.52,991183.75
473,026852930-2,2019-09-29,Volkswagen,NASDAQ,4585,New Beetle,84377.41,471092.66,658240.48
474,682801677-7,2019-10-22,Plymouth,NYSE,4491,Breeze,639757.16,23169.55,644761.62
475,653516232-X,2019-08-30,Ford,NYSE,8713,Th!nk,966147.71,303094.72,178224.27
476,265871114-X,2019-06-28,Infiniti,NYSE,5776,G,200926.46,214954.11,275817.42
477,671999545-6,2019-07-12,Toyota,NASDAQ,3578,Land Cruiser,137872.15,200554.14,151708.30
478,741567353-0,2019-11-13,Lotus,NYSE,6340,Esprit,751526.59,764028.11,438770.15
479,527462523-1,2019-07-04,Jaguar,NASDAQ,7531,XK Series,609705.33,513075.98,700458.21
480,351288029-0,2020-04-06,Chrysler,NASDAQ,4899,Cirrus,629464.31,130850.61,374733.27
481,573851702-4,2019-10-12,Dodge,NYSE,1154,Neon,218446.57,201196.31,278903.68
482,223678179-2,2019-06-02,Porsche,NASDAQ,6638,944,673381.50,231323.96,529609.16
483,022043441-7,2019-12-19,Lexus,NASDAQ,9856,LX,307587.44,534978.00,768083.33
484,899403140-5,2020-03-31,Cadillac,NYSE,5692,DeVille,283575.80,601037.28,855754.04
485,049336440-4,2019-12-20,Toyota,NASDAQ,2355,Land Cruiser,370055.37,775233.63,912030.32
486,306607628-8,2019-12-05,Land Rover,NYSE,2472,Discovery,178853.97,637377.10,399218.35
487,144163687-0,2019-06-11,Mazda,NASDAQ,4310,MX-5,557495.57,222299.38,140634.19
488,519444874-0,2019-07-12,Chrysler,NYSE,6935,Concorde,717719.96,592098.64,643576.64
489,382245329-3,2019-06-03,GMC,NYSE,9629,Rally Wagon G3500,288705.09,241568.32,136043.71
490,488576618-4,2019-06-07,Ford,NASDAQ,2299,Escort,660348.37,66011.50,462860.29
491,727205923-0,2019-10-17,Ford,NYSE,1155,Aerostar,607651.36,608094.45,992748.26
492,939548249-4,2020-01-13,Mazda,NASDAQ,8342,Mazda2,368236.23,102799.71,295324.17
493,821419153-X,2019-09-04,Nissan,NASDAQ,6023,240SX,871072.56,350492.48,729318.18
494,620507038-3,2019-07-06,Subaru,NYSE,8945,Legacy,477444.07,145521.62,734024.81
495,022515407-2,2019-09-05,Acura,NASDAQ,3451,MDX,956514.08,604531.88,30386.04
496,095981043-9,2019-06-11,Nissan,NASDAQ,8227,Leaf,451739.96,48635.70,496068.83
497,310466848-5,2019-11-19,BMW,NASDAQ,6155,Z4,665861.97,4671.11,97697.49
498,028002848-2,2019-08-05,Mercedes-Benz,NYSE,8965,S-Class,164645.01,835434.50,198404.64
499,775670161-5,2020-02-20,Toyota,NASDAQ,3415,4Runner,166024.84,43520.69,47856.12
500,109010327-1,2019-05-12,Mitsubishi,NASDAQ,9743,Precis,391604.57,344121.45,712538.61
501,367104945-6,2019-06-04,Honda,NYSE,4181,Prelude,880026.06,806358.80,16138.63
502,932567393-2,2019-07-06,Ford,NYSE,3820,Tempo,457866.37,123354.83,102384.94
503,674302433-3,2020-02-08,Aston Martin,NASDAQ,3459,DBS,585789.93,404639.17,676004.24
504,906884192-0,2019-07-13,Cadillac,NYSE,5074,Escalade ESV,813940.66,310447.96,885813.68
505,813621895-1,2019-09-23,Mercury,NASDAQ,9508,Capri,463688.55,127558.46,948009.71
506,056585829-7,2020-04-06,Kia,NASDAQ,1108,Sedona,258513.45,774079.72,551923.33
507,964508761-9,2019-07-10,Subaru,NYSE,1681,Impreza,769253.26,571782.86,244234.75
508,253454865-4,2019-11-20,Mazda,NASDAQ,5642,929,454051.79,840193.12,263123.40
509,969217527-8,2019-12-22,Ford,NASDAQ,1563,Ranger,265329.90,151805.79,587701.12
510,229082971-4,2019-12-20,Saab,NASDAQ,9190,900,548427.26,557884.18,507251.09
511,745612317-9,2020-01-31,Lexus,NASDAQ,7642,IS,631230.36,965719.72,506522.84
512,283094780-0,2019-11-28,Chevrolet,NYSE,4624,Corvette,767094.27,109065.13,249838.74
513,136966539-3,2019-11-06,Pontiac,NYSE,2679,Sunbird,172195.55,120088.12,359958.44
514,226517443-2,2019-06-12,Chrysler,NYSE,1490,Town & Country,51480.86,125767.15,30866.08
515,930981291-5,2019-07-22,Chevrolet,NASDAQ,3399,Camaro,912550.08,570372.81,729866.67
516,189478241-0,2019-09-20,GMC,NASDAQ,2898,Savana 2500,996881.15,255781.92,434417.46
517,999154363-5,2019-11-11,Acura,NASDAQ,5015,Legend,793564.55,64809.97,549309.53
518,879328810-7,2019-10-25,Mazda,NASDAQ,4251,B-Series,167812.52,756628.25,885467.36
519,233841889-1,2019-11-19,Mazda,NASDAQ,4681,B-Series Plus,797475.48,870032.27,746740.74
520,266412925-2,2019-07-15,Chevrolet,NASDAQ,4647,Tahoe,442870.34,981476.71,458632.74
521,870599062-9,2020-03-09,Ford,NYSE,8618,E150,707609.99,915115.74,110962.97
522,960247504-8,2019-12-19,Isuzu,NASDAQ,3406,Hombre,414519.19,930107.17,556833.79
523,298851019-9,2019-09-02,GMC,NASDAQ,2852,Savana 1500,804872.36,219114.95,909098.34
524,550228181-7,2019-07-29,Toyota,NASDAQ,2167,T100,468026.30,133061.31,380391.66
525,646815940-7,2019-11-20,Nissan,NASDAQ,7390,Pathfinder,3149.51,878856.21,28915.73
526,855784464-6,2019-08-10,Ford,NYSE,4058,Freestar,19288.87,110243.80,952035.28
527,044884680-2,2019-07-13,Toyota,NASDAQ,8881,Prius,177640.28,810199.84,964977.69
528,494027056-4,2019-11-03,BMW,NYSE,5250,3 Series,776134.71,774631.38,525971.19
529,467249169-2,2020-02-10,GMC,NASDAQ,9450,3500 Club Coupe,380566.57,48149.62,805739.49
530,950333507-8,2019-10-02,Mercedes-Benz,NASDAQ,3064,M-Class,794412.05,17968.98,841682.45
531,630409013-7,2020-01-03,Toyota,NASDAQ,3996,Prius,566851.74,211963.89,325261.07
532,763095734-3,2019-12-26,Jeep,NASDAQ,3810,Liberty,774692.50,610874.09,765124.73
533,926953442-1,2019-11-07,Kia,NASDAQ,3386,Mohave/Borrego,335942.07,921198.51,782472.23
534,014328066-X,2019-11-28,Ford,NYSE,3553,Mustang,181391.74,908082.09,894908.89
535,806062821-6,2019-07-13,Pontiac,NYSE,9642,Grand Prix,58622.13,868011.72,253426.34
536,472207784-3,2020-01-05,Mitsubishi,NASDAQ,5179,Lancer,453049.63,127442.39,856862.88
537,305526336-7,2019-09-17,GMC,NYSE,5159,Savana,841723.50,639769.81,180987.32
538,985983484-9,2020-02-18,Buick,NYSE,9885,Riviera,45256.39,206982.97,176485.27
539,794351135-2,2019-11-17,Volkswagen,NYSE,3193,New Beetle,160464.46,345978.27,441993.96
540,244093842-4,2019-05-15,Chevrolet,NASDAQ,2031,Corvette,38524.30,199374.20,383569.42
541,625589735-4,2019-12-05,Chevrolet,NASDAQ,6121,Suburban 1500,70960.41,870302.92,136281.77
542,204437233-9,2019-05-13,BMW,NASDAQ,2501,7 Series,751252.43,491518.67,418610.17
543,470724720-2,2020-03-15,Audi,NYSE,1154,A4,99164.65,761440.81,89366.48
544,680046454-6,2019-08-06,Mazda,NYSE,6057,CX-7,171146.93,11447.58,656290.15
545,185119252-2,2019-12-25,Volvo,NYSE,8463,S40,301802.06,785807.99,42753.30
546,939404895-2,2019-05-11,Ford,NYSE,5133,Freestar,543979.34,251111.02,241041.00
547,435305337-X,2019-05-23,Cadillac,NASDAQ,7020,Escalade ESV,812440.26,30136.62,730043.50
548,653027563-0,2019-12-01,Mazda,NASDAQ,4137,MX-3,752835.76,192589.08,587355.68
549,961171117-4,2020-03-06,Mazda,NASDAQ,2220,Mazda3,110129.97,308655.19,441678.37
550,677234601-7,2019-04-21,Mazda,NASDAQ,6257,Miata MX-5,829494.92,122168.67,518916.84
551,269879067-9,2019-12-11,Lincoln,NASDAQ,7013,Continental,409706.91,856104.38,493694.09
552,245142709-4,2019-09-21,Chevrolet,NASDAQ,4980,Corvette,600189.23,702246.83,37402.44
553,672048460-5,2019-06-15,Cadillac,NYSE,8719,CTS-V,605486.95,912732.43,973623.19
554,484911319-2,2019-08-06,Nissan,NYSE,6217,Sentra,12393.25,914320.82,344993.37
555,575217962-9,2020-04-05,Buick,NYSE,6850,Regal,162910.49,108223.84,502749.87
556,970071733-X,2019-12-16,Hyundai,NASDAQ,3324,Accent,785155.08,972927.89,346398.02
557,585714843-X,2019-07-22,GMC,NYSE,5445,Savana 3500,628488.55,570452.81,530999.18
558,120270918-4,2019-09-13,Cadillac,NASDAQ,9021,Seville,732842.92,425126.19,469376.76
559,971709973-1,2020-04-03,BMW,NASDAQ,8149,5 Series,527252.33,194232.60,948948.80
560,112192145-0,2019-07-29,Cadillac,NASDAQ,1039,Sixty Special,550068.56,649505.63,964241.22
561,543447825-8,2019-09-25,Nissan,NASDAQ,5041,Altima,888460.87,986301.25,943948.00
562,359672260-8,2019-12-16,Buick,NASDAQ,9661,Century,188096.74,293473.06,129064.49
563,290258548-9,2019-10-06,Suzuki,NASDAQ,3564,SJ,740260.25,917693.34,935068.11
564,878489115-7,2020-04-06,Buick,NASDAQ,8754,Skylark,513983.25,51822.98,751496.33
565,002515030-8,2019-10-11,Suzuki,NASDAQ,1157,Swift,594597.31,574620.92,151649.34
566,694086111-4,2019-10-26,Dodge,NYSE,4730,Ram Wagon B250,319701.12,714928.88,442167.20
567,574651388-1,2019-08-29,Mazda,NASDAQ,4721,Mazda5,509456.40,274367.56,333916.18
568,957236959-8,2019-06-08,Volkswagen,NASDAQ,5827,Tiguan,717407.12,712986.11,173623.08
569,625018144-X,2020-03-12,Mercury,NASDAQ,6964,Sable,193695.23,602679.36,367918.58
570,850086296-3,2020-02-01,Volkswagen,NYSE,6147,GTI,896069.97,400098.59,614754.06
571,470663731-7,2019-06-02,Chrysler,NYSE,6234,300M,770127.68,525848.53,731841.13
572,825390873-3,2019-07-02,Chevrolet,NASDAQ,2810,Venture,915842.31,421963.55,632636.64
573,290989915-2,2019-09-12,Infiniti,NASDAQ,8012,FX,597304.78,299159.63,506057.59
574,320701215-9,2019-11-15,Mercury,NYSE,8249,Mystique,467423.86,665078.54,161397.00
575,827591365-9,2020-04-08,Daewoo,NASDAQ,4445,Lanos,41715.88,920401.27,776542.16
576,340301203-4,2019-08-16,Hyundai,NASDAQ,4214,Sonata,724469.91,571723.76,290404.43
577,732017343-3,2020-02-05,GMC,NYSE,7533,1500,719356.13,74663.07,158917.23
578,013001004-9,2019-11-18,Mercury,NASDAQ,2889,Mountaineer,777319.77,668158.31,707051.03
579,809538394-5,2019-05-09,Ford,NASDAQ,5205,Ranger,625821.87,114379.83,54956.27
580,429225537-7,2019-07-30,Infiniti,NASDAQ,7741,FX,159620.06,972627.71,300828.80
581,079670303-5,2019-07-23,Pontiac,NYSE,9392,1000,175861.42,589037.25,594675.67
582,397202960-8,2019-06-10,Chevrolet,NASDAQ,9574,G-Series 2500,12908.88,357735.37,797760.79
583,599505100-8,2019-06-21,Ford,NASDAQ,2827,Crown Victoria,486739.79,43614.01,776454.89
584,553600570-7,2020-01-10,Toyota,NYSE,7886,Land Cruiser,252867.96,245871.11,533647.28
585,952839547-3,2019-06-06,Plymouth,NASDAQ,1354,Colt Vista,733932.31,836711.63,502331.93
586,746136984-9,2019-11-09,Volkswagen,NYSE,6867,GTI,903819.43,620553.37,430115.97
587,070552009-9,2019-06-06,Pontiac,NASDAQ,3591,LeMans,78778.40,550703.27,263303.77
588,871408369-8,2020-01-05,Oldsmobile,NASDAQ,4472,Ciera,263802.00,799982.99,452856.59
589,193351582-1,2019-08-06,Mitsubishi,NYSE,6678,Eclipse,613393.97,326274.09,93667.74
590,433418162-7,2020-03-01,Volkswagen,NASDAQ,3850,Passat,108759.90,155979.10,343033.27
591,310313528-9,2019-08-06,Mazda,NYSE,1641,Mazda3,542928.29,988291.87,403991.12
592,432018524-2,2019-07-13,Honda,NYSE,3054,Civic,545986.36,448456.53,871463.05
593,447267783-0,2020-01-14,Infiniti,NYSE,6324,G,356684.32,664019.69,55491.46
594,953968628-8,2019-09-25,Chrysler,NYSE,3954,Crossfire,9692.27,346881.32,757466.59
595,563260253-2,2020-03-18,Buick,NASDAQ,8391,Skyhawk,449119.51,34213.54,239920.56
596,259208705-2,2020-02-15,Infiniti,NYSE,8182,M,472470.60,666299.10,598376.96
597,952419009-5,2020-03-20,Volkswagen,NASDAQ,7848,Type 2,120821.66,824900.20,502345.71
598,260183784-5,2019-12-23,Lotus,NASDAQ,2871,Elise,92636.70,618265.45,478227.02
599,609150969-1,2020-03-14,Kia,NASDAQ,9084,Optima,955031.72,127649.20,252471.82
600,307965301-7,2020-01-20,BMW,NYSE,5749,7 Series,656861.13,481891.59,667867.46
601,816338024-1,2020-02-03,Volvo,NASDAQ,1930,S40,445161.34,7579.81,621663.90
602,255161152-0,2019-06-03,GMC,NASDAQ,2694,Sierra,915191.07,389091.98,200965.26
603,907561805-0,2019-08-26,Ford,NASDAQ,1342,F350,68643.56,374890.22,359172.64
604,403182105-0,2019-08-11,Mazda,NYSE,5393,626,298363.55,690023.10,718251.56
605,974629755-4,2019-08-14,Aston Martin,NASDAQ,4196,V8 Vantage,782509.65,808614.69,249310.84
606,656481730-4,2019-05-08,Honda,NYSE,5912,Prelude,898468.67,195132.30,29299.62
607,155069158-9,2019-12-15,Oldsmobile,NASDAQ,3191,Intrigue,437920.64,487984.63,820203.04
608,457256729-8,2020-04-03,Volkswagen,NYSE,4191,Scirocco,824946.71,84563.38,440296.42
609,254913792-2,2019-11-14,Suzuki,NYSE,8104,Aerio,947283.37,617.62,961645.85
610,486483743-0,2019-06-20,Chevrolet,NASDAQ,2635,3500,420598.39,880079.91,683.26
611,734722810-7,2020-01-30,Kia,NASDAQ,2097,Optima,240900.43,939009.04,539560.76
612,374475504-5,2019-11-08,Oldsmobile,NYSE,1276,Cutlass Supreme,962956.68,720952.22,573944.55
613,634824501-2,2019-09-07,Buick,NYSE,2639,Park Avenue,796802.63,87915.06,555092.30
614,938205179-1,2020-01-25,Volkswagen,NYSE,9590,Eurovan,384984.21,738608.83,318969.18
615,815433573-5,2019-06-07,Infiniti,NYSE,9359,QX,205365.92,164664.26,82452.66
616,035544272-8,2019-05-27,Nissan,NASDAQ,8898,Sentra,457401.37,538189.03,623819.48
617,409042975-7,2019-12-09,Toyota,NASDAQ,9895,Celica,919502.97,939252.81,891986.36
618,589652835-3,2019-09-14,Volvo,NASDAQ,9038,740,920872.29,804568.05,342548.00
619,141255550-7,2019-07-04,Pontiac,NASDAQ,8610,Montana,282414.48,604564.20,38369.50
620,265127221-3,2019-08-15,Chevrolet,NASDAQ,9955,Silverado 3500,746910.49,358147.92,973966.44
621,104749741-7,2020-03-03,Ford,NASDAQ,1834,Expedition,954192.29,203549.29,166682.11
622,278983379-6,2019-05-31,Toyota,NYSE,3906,4Runner,334042.02,357945.84,780615.53
623,276728708-X,2019-10-04,Acura,NYSE,4897,RL,316597.46,206173.27,592143.34
624,688136448-2,2019-11-05,Honda,NYSE,1281,CR-V,522305.27,874985.95,519085.33
625,505628997-3,2020-04-02,Ford,NYSE,2798,Mustang,210834.71,915709.38,822704.95
626,229673679-3,2019-09-17,Mitsubishi,NASDAQ,7378,L300,955898.86,915459.69,464204.48
627,110343954-5,2019-07-03,Lexus,NASDAQ,3839,RX,178914.29,979388.13,876119.33
628,679697621-5,2019-06-02,Nissan,NASDAQ,3330,Leaf,227235.96,692411.04,399257.18
629,789990218-5,2020-03-24,Mercedes-Benz,NASDAQ,1719,W201,846507.50,912128.44,648995.37
630,294914706-2,2020-02-21,Buick,NYSE,2440,Reatta,241821.10,508237.61,843059.08
631,808756271-2,2019-04-19,Cadillac,NASDAQ,8153,Escalade,992581.95,843706.31,242901.69
632,065502048-9,2019-07-26,Lincoln,NYSE,6398,MKX,672454.88,581044.91,37378.83
633,297787591-3,2020-02-06,Mazda,NYSE,9099,Mazda5,83619.42,78828.05,816298.58
634,507092480-X,2020-03-25,Audi,NASDAQ,5663,A4,143931.44,543915.95,445671.33
635,211845926-2,2020-02-03,Oldsmobile,NYSE,5030,Aurora,938817.13,112901.05,466358.51
636,206085785-6,2019-05-25,Mercedes-Benz,NYSE,2709,SL-Class,233422.75,32058.25,331743.34
637,286407824-4,2019-06-26,Buick,NASDAQ,2233,LeSabre,738408.22,457649.24,128575.47
638,323404466-X,2019-11-27,Mazda,NYSE,6518,Familia,610316.96,742891.72,374546.87
639,813278323-9,2019-05-16,Chevrolet,NASDAQ,3928,Silverado 3500,23885.72,138913.99,518184.51
640,179864828-8,2019-04-30,Honda,NYSE,5427,del Sol,958728.39,9207.04,198264.07
641,480184977-6,2019-09-21,Ford,NYSE,8398,Mustang,433969.17,739945.83,397009.12
642,975752591-X,2019-08-16,Volvo,NYSE,4679,XC60,269008.81,679614.08,450448.80
643,336791810-5,2019-06-07,Lexus,NASDAQ,6771,ES,602315.33,367395.43,734761.54
644,399284765-9,2020-02-23,Volkswagen,NYSE,3775,Type 2,553699.31,948382.65,590117.41
645,592185482-4,2019-09-04,Toyota,NYSE,4980,Solara,866042.50,246615.94,88639.79
646,174219284-X,2020-03-05,Nissan,NASDAQ,6193,Cube,69071.88,914320.64,383631.66
647,210062754-6,2019-10-28,BMW,NASDAQ,6342,Z3,396821.39,702197.20,112253.23
648,674766915-0,2020-03-02,Buick,NYSE,1285,Skylark,253931.84,413660.21,816290.06
649,290552383-2,2020-01-22,Volkswagen,NYSE,2924,Passat,64756.27,943360.50,551039.65
650,637919608-0,2019-06-12,Ford,NASDAQ,5056,Crown Victoria,159526.39,250787.87,660983.07
651,992130898-X,2019-08-01,Ford,NASDAQ,4271,Explorer Sport Trac,162252.89,329185.50,184958.63
652,025089726-1,2019-10-08,Lexus,NYSE,9971,GS,306590.99,822946.08,55295.47
653,474019747-2,2019-05-22,Chevrolet,NYSE,3946,Avalanche 1500,571176.55,328938.35,154607.43
654,397423386-5,2019-11-23,Chevrolet,NASDAQ,7828,Suburban 1500,589293.22,359560.52,648414.56
655,512874112-5,2019-05-12,Lexus,NYSE,9990,LS Hybrid,758139.73,418374.87,771814.93
656,974132854-0,2019-12-03,Buick,NASDAQ,5588,Rainier,475609.39,710309.08,683310.10
657,074757521-5,2019-10-07,Pontiac,NYSE,6271,Grand Am,797293.46,683605.11,434095.44
658,418361595-X,2020-03-23,Mitsubishi,NASDAQ,4030,Challenger,960252.39,73097.41,753103.50
659,690325791-8,2019-05-13,Mercury,NASDAQ,2143,Milan,591089.80,307467.81,496617.26
660,503723611-8,2020-01-13,Buick,NASDAQ,4666,Lucerne,695981.70,685807.18,697317.42
661,552320527-3,2020-03-05,Dodge,NASDAQ,9855,Caravan,569924.44,927643.11,267617.39
662,108131304-8,2019-05-07,Volkswagen,NASDAQ,7885,Jetta,678108.66,11119.68,8305.06
663,453592204-7,2019-09-16,Pontiac,NYSE,3253,6000,421610.91,304085.86,965179.50
664,585841343-9,2019-05-26,Infiniti,NYSE,6985,QX56,766333.78,996450.36,902056.42
665,272653700-6,2019-10-17,Chevrolet,NYSE,2109,Lumina,176051.09,186877.37,464740.92
666,709070554-4,2019-11-21,Isuzu,NYSE,2357,Axiom,514366.48,201571.52,999883.98
667,064909584-7,2019-07-01,Toyota,NASDAQ,2606,Corolla,45061.03,220145.70,25344.65
668,236895534-8,2019-08-15,Toyota,NASDAQ,3232,Camry,322117.58,745339.13,57983.99
669,824090817-9,2020-02-15,Ford,NASDAQ,3493,F-350 Super Duty,884967.00,931102.75,44464.34
670,601091881-2,2020-03-15,BMW,NASDAQ,8352,X3,833155.43,710265.89,21512.61
671,405909890-6,2020-01-11,Maserati,NASDAQ,1915,GranTurismo,870095.96,882932.83,818626.25
672,242261836-7,2020-03-30,Plymouth,NASDAQ,4613,Grand Voyager,525099.99,266844.77,723409.42
673,353909812-7,2020-01-13,Scion,NYSE,7588,xB,477889.38,804423.17,555958.76
674,426630908-2,2019-07-14,Chrysler,NYSE,8241,Cirrus,78315.37,377968.99,167566.13
675,322143941-5,2019-04-29,Chevrolet,NASDAQ,7741,Equinox,426187.90,489212.58,197191.50
676,086419255-X,2020-01-05,Kia,NYSE,1181,Rondo,208813.99,691214.09,201294.74
677,254096526-1,2020-02-04,Toyota,NASDAQ,9070,4Runner,305008.19,663646.72,55215.50
678,355998128-X,2020-01-26,Jeep,NASDAQ,7275,Wrangler,932190.95,410453.17,712033.88
679,859407448-4,2019-09-07,Chrysler,NASDAQ,7376,Imperial,274935.17,47732.65,669215.97
680,868625210-9,2019-10-21,Dodge,NYSE,5052,Viper,389308.08,743270.10,810885.37
681,386136144-2,2019-06-16,Mitsubishi,NASDAQ,7592,Precis,674597.48,973857.86,722603.68
682,496897787-5,2019-05-24,Rambler,NYSE,2494,Classic,55190.52,345245.82,360476.10
683,432792877-1,2020-03-03,Chrysler,NASDAQ,3958,Town & Country,567377.65,57676.59,907316.27
684,443882670-5,2020-02-23,Chevrolet,NASDAQ,5215,Lumina,14767.23,126075.49,222784.68
685,394392429-7,2019-09-30,Lexus,NYSE,7724,LX,966459.16,805543.06,331660.28
686,658687781-4,2019-11-15,Mitsubishi,NASDAQ,9918,Expo,855405.26,997538.15,428247.55
687,084278277-X,2020-03-26,Mercedes-Benz,NYSE,2900,C-Class,224875.70,939671.07,595303.63
688,902514432-2,2019-11-20,Audi,NYSE,4752,A4,314285.43,59813.43,712329.69
689,873154879-2,2019-09-11,Suzuki,NYSE,8823,Reno,38418.71,434744.96,937977.61
690,247405526-6,2019-12-09,Ford,NYSE,7470,F-Series,486209.74,172306.99,105223.76
691,823177424-6,2019-09-27,Plymouth,NASDAQ,4900,Neon,202186.64,115970.26,463402.91
692,552501485-8,2019-06-21,Kia,NYSE,1143,Sephia,735451.21,524087.89,376030.11
693,209480601-4,2019-10-29,Chevrolet,NASDAQ,4683,Venture,759942.06,268464.21,774380.66
694,173071351-3,2019-12-02,Dodge,NASDAQ,4237,Ram 3500,938886.78,721592.60,359760.10
695,143956476-0,2019-10-28,Toyota,NASDAQ,3178,4Runner,821285.82,833220.76,252869.10
696,043461400-9,2019-09-02,GMC,NYSE,3880,Suburban 1500,409239.03,308415.48,472531.95
697,658821205-4,2019-06-21,Lotus,NASDAQ,1351,Elan,98940.46,181795.13,896334.97
698,061143610-8,2019-07-26,Porsche,NYSE,8311,928,481391.10,876815.71,447116.31
699,966713966-2,2019-10-14,Dodge,NYSE,1427,Durango,634014.47,199483.28,633077.56
700,206155089-4,2020-04-02,GMC,NYSE,4347,Acadia,965007.58,627609.95,115328.90
701,471837262-3,2019-07-24,Dodge,NASDAQ,2611,Ram 1500,986365.60,456780.56,293948.93
702,696066514-0,2019-12-17,Jeep,NYSE,7781,Grand Cherokee,746698.20,346626.61,812857.41
703,641178465-5,2019-06-26,Mitsubishi,NASDAQ,5438,Endeavor,764330.30,172402.14,299794.84
704,341638255-2,2019-10-09,Lotus,NYSE,3959,Esprit,60091.58,279048.55,170443.25
705,172077891-4,2019-12-16,Pontiac,NYSE,1122,Tempest,754022.45,295317.02,759522.05
706,041660313-0,2019-05-18,Oldsmobile,NYSE,3998,Silhouette,733450.48,321408.35,189792.70
707,098662116-1,2020-03-30,Nissan,NYSE,9259,Armada,135894.81,953403.34,986779.44
708,151477716-9,2019-04-12,Chevrolet,NASDAQ,1188,Express 3500,875847.59,276434.46,281807.70
709,289923510-9,2020-02-16,Ford,NYSE,2089,E-Series,298570.19,372699.73,613564.12
710,004597303-2,2019-07-17,Lotus,NYSE,2435,Evora,642437.94,66432.23,699026.09
711,506929093-2,2020-02-26,Toyota,NYSE,2807,Sienna,744939.10,855822.08,153233.30
712,665303296-5,2019-06-10,Toyota,NASDAQ,6847,RAV4,558848.56,447564.96,256807.84
713,155998519-4,2019-10-25,Ford,NASDAQ,3406,F-Series,210660.39,619320.68,114310.78
714,390022788-8,2019-06-20,Volkswagen,NASDAQ,1751,GTI,981276.39,165144.32,183477.27
715,730964545-6,2019-12-17,Chevrolet,NASDAQ,3858,S10,241281.95,362340.51,106642.95
716,874699143-3,2019-08-31,Acura,NYSE,1656,CL,838632.83,805831.84,980766.60
717,319612374-X,2020-02-26,Porsche,NYSE,1469,Boxster,963000.12,925644.83,304239.78
718,778627612-2,2019-12-08,Pontiac,NYSE,1785,Trans Sport,775278.56,805637.28,191209.61
719,595070782-6,2019-05-19,Mercury,NASDAQ,2157,Grand Marquis,656490.30,524745.46,976588.69
720,274292606-2,2019-11-30,Subaru,NYSE,9066,Baja,672374.32,608903.34,692976.15
721,936793637-0,2019-04-17,Acura,NYSE,9658,RL,358372.26,204417.12,194526.00
722,650138985-2,2019-11-09,Dodge,NYSE,7498,Viper,589932.62,467651.94,175917.58
723,575185086-6,2020-02-07,Volvo,NASDAQ,1153,V50,140745.01,985598.85,555917.67
724,404706944-2,2019-07-18,Toyota,NYSE,8340,RAV4,468291.78,669846.53,53142.32
725,669335547-1,2019-05-19,Chevrolet,NASDAQ,9233,Suburban 1500,662082.55,65072.07,202048.83
726,666524515-2,2019-07-21,Ford,NYSE,5466,F150,255490.57,316393.62,472499.66
727,427615865-6,2019-07-05,BMW,NASDAQ,5088,M6,412678.23,659598.06,792246.04
728,540042116-4,2019-05-20,Pontiac,NYSE,6853,GTO,412185.01,969381.87,288374.53
729,754880098-3,2019-08-15,Hyundai,NYSE,3897,Tucson,485444.47,299091.59,647277.31
730,564232761-5,2020-02-12,Acura,NYSE,8890,RSX,350349.27,816834.84,48321.76
731,636416117-0,2020-03-29,Dodge,NYSE,4952,Ram 2500,625493.91,689510.05,232049.67
732,378736469-2,2020-03-01,Ford,NASDAQ,9088,F150,316491.81,178697.47,165945.64
733,977255891-2,2019-12-29,Mercury,NYSE,2488,Marquis,203918.85,945785.96,114192.17
734,302962961-9,2020-01-12,Mazda,NYSE,4567,Familia,667906.43,62972.27,587667.66
735,597979472-7,2019-07-12,Mazda,NASDAQ,8807,MX-6,322617.81,521603.75,233338.70
736,435514144-6,2019-04-23,Ford,NASDAQ,5440,Taurus,974096.76,25497.65,970108.33
737,928952309-3,2020-01-26,Chrysler,NYSE,6104,300,977716.08,108653.62,337703.94
738,579903429-5,2020-01-20,Maserati,NASDAQ,5291,430,30193.85,716316.47,646712.24
739,930472252-7,2020-01-12,Subaru,NYSE,5952,Legacy,369561.55,571859.36,599829.27
740,991003970-2,2019-09-15,Mercedes-Benz,NASDAQ,5415,S-Class,495155.74,630528.91,127924.98
741,492534632-6,2019-07-04,Porsche,NASDAQ,1887,911,310002.16,186638.41,667178.74
742,252487097-9,2020-01-22,Jaguar,NYSE,7865,S-Type,796179.66,427838.14,699744.71
743,781142125-9,2019-05-12,Mercedes-Benz,NASDAQ,5964,SLK-Class,540518.73,736891.75,363872.49
744,086556506-6,2019-09-17,Dodge,NYSE,8324,Ram 1500,810484.58,23591.69,328768.34
745,358151620-9,2019-08-18,Dodge,NYSE,2804,Ram Van 1500,943498.69,908056.87,342592.39
746,516938772-5,2019-06-04,Hyundai,NYSE,5787,Entourage,912232.60,641654.89,154392.40
747,307574102-7,2020-01-13,Volkswagen,NASDAQ,4702,Passat,268732.25,574763.99,211069.51
748,523948167-9,2019-10-16,Audi,NASDAQ,2691,S5,13430.93,563429.49,79120.85
749,401652067-3,2020-01-05,Ford,NASDAQ,2850,Econoline E350,976872.62,780968.39,624608.04
750,861672008-1,2019-10-01,Volvo,NASDAQ,4801,S40,147100.28,25601.67,807004.38
751,372807545-0,2019-10-24,Saab,NYSE,1319,9000,281322.47,498829.89,864765.52
752,366625886-7,2019-04-10,Honda,NYSE,1583,Ridgeline,959344.74,605798.22,847959.39
753,151688725-5,2020-01-14,GMC,NYSE,4328,Savana 1500,603830.63,382776.85,984708.24
754,064654346-6,2019-08-07,Plymouth,NYSE,7411,Colt Vista,663968.37,973958.71,979700.52
755,178700250-0,2019-10-11,Buick,NYSE,7982,Skyhawk,215665.26,860434.85,804722.52
756,990646492-5,2019-07-07,Dodge,NYSE,5640,Ramcharger,505409.98,600826.27,51716.82
757,615737630-9,2020-01-25,Volvo,NYSE,9293,S40,433099.93,973555.06,827366.09
758,266011218-5,2020-04-06,Ford,NASDAQ,5130,F-Series,60619.82,29479.97,217905.97
759,862304559-9,2020-02-14,Peugeot,NYSE,8800,207,843247.94,28148.55,893339.56
760,693351595-8,2020-01-10,Mercedes-Benz,NASDAQ,2325,S-Class,617818.26,97436.62,330999.37
761,620840578-5,2020-01-21,Volvo,NYSE,7269,V70,536955.09,328835.02,871199.91
762,117437067-X,2019-09-10,Dodge,NASDAQ,9096,Caravan,763681.39,813455.75,998604.91
763,972497826-5,2019-07-03,Pontiac,NYSE,5959,Bonneville,410073.12,223177.32,389931.39
764,258721907-8,2019-08-07,BMW,NASDAQ,6711,6 Series,74097.85,566799.85,611903.20
765,983381604-5,2019-07-06,Audi,NASDAQ,4296,A8,211344.48,881953.52,32539.45
766,508390704-6,2020-04-03,Cadillac,NASDAQ,6091,Escalade EXT,455070.52,423010.34,751580.78
767,212177795-4,2019-07-08,Ford,NASDAQ,1895,Aspire,629990.95,284488.49,294843.02
768,434746862-8,2020-02-11,Scion,NYSE,1828,tC,170455.85,466796.32,430083.35
769,809172825-5,2019-11-04,Lexus,NYSE,6423,SC,103319.09,112273.00,558531.69
770,190062701-9,2019-11-30,Toyota,NYSE,5359,Camry,749042.77,869629.70,877021.92
771,028909369-4,2020-02-03,Dodge,NYSE,9604,Ram Van B150,125070.01,473324.09,480603.10
772,194867759-8,2019-08-06,Mazda,NASDAQ,7236,Mazda3,11610.24,610113.67,645812.66
773,667836233-0,2019-10-12,Infiniti,NYSE,4064,QX,435539.54,315164.08,117680.89
774,613102021-3,2020-01-21,BMW,NASDAQ,4102,7 Series,891557.03,659223.72,905530.58
775,043004307-4,2019-11-17,GMC,NYSE,6126,2500,939332.73,439651.44,189553.86
776,272221764-3,2019-10-02,Nissan,NYSE,3062,Murano,444090.82,165329.99,434009.07
777,673009015-4,2019-09-02,Volkswagen,NASDAQ,3514,Passat,374700.37,214309.45,306651.53
778,668197552-6,2019-10-09,GMC,NYSE,2223,Savana 2500,943607.84,33206.65,970568.92
779,984076571-X,2019-09-10,Suzuki,NASDAQ,8501,Grand Vitara,770697.24,794320.08,118751.16
780,674770381-2,2019-10-25,GMC,NASDAQ,6814,Sierra 3500,65971.63,799545.23,759672.30
781,303712812-7,2019-09-29,Mitsubishi,NYSE,4582,Eclipse,859185.06,319554.35,76426.76
782,998853084-6,2019-11-11,Mercedes-Benz,NYSE,2733,400SE,264085.54,559871.89,937685.59
783,505513139-X,2020-03-18,BMW,NASDAQ,3850,5 Series,601728.19,625026.11,147528.47
784,963861565-6,2019-11-22,Chrysler,NASDAQ,7973,PT Cruiser,294111.94,415529.07,934916.68
785,899727322-1,2019-07-06,Ford,NYSE,5709,Tempo,445597.67,619771.34,905774.67
786,242688700-1,2020-02-20,Toyota,NYSE,5631,Supra,253509.01,360339.48,769817.44
787,999573070-7,2019-07-24,Dodge,NASDAQ,1245,Spirit,581627.60,976909.26,347449.65
788,676696420-0,2019-11-01,Buick,NASDAQ,8146,Century,167442.71,761493.57,442130.92
789,976044089-X,2019-11-07,Mercedes-Benz,NASDAQ,7942,GL-Class,814384.32,347562.28,39841.81
790,352758534-6,2019-12-21,Mitsubishi,NASDAQ,4264,Truck,533983.32,389308.37,767562.26
791,518811012-1,2020-03-02,Saab,NASDAQ,7310,9000,263198.61,843326.04,846618.51
792,400973562-7,2019-07-26,Chevrolet,NASDAQ,2437,Aveo,292345.72,361129.10,90389.48
793,606685311-2,2019-10-10,Chevrolet,NYSE,2670,Corvette,944575.47,386644.47,687341.77
794,743481316-4,2019-07-31,Buick,NYSE,9831,Coachbuilder,438687.22,127953.64,719911.50
795,701070324-8,2019-05-17,Volkswagen,NASDAQ,8336,Vanagon,303769.39,487862.05,749031.98
796,833385673-X,2019-10-12,Scion,NYSE,1728,tC,238392.16,48713.63,686089.72
797,270886065-8,2019-05-19,Lincoln,NYSE,6407,Continental,434107.32,110875.67,125108.46
798,435602811-2,2019-09-29,Mazda,NASDAQ,6675,MX-5,652548.84,776618.14,533181.36
799,398637750-6,2019-12-04,Chevrolet,NYSE,4700,Camaro,550121.25,795462.30,65137.38
800,531144658-7,2019-12-17,Chrysler,NASDAQ,8336,Sebring,836076.09,87146.08,498910.37
801,939983471-9,2019-09-27,BMW,NASDAQ,4744,760,321965.37,647535.07,192863.60
802,369488728-8,2019-12-23,Mercedes-Benz,NYSE,7217,SLK-Class,648171.38,338566.31,574904.00
803,159590218-X,2020-02-22,Porsche,NYSE,8765,944,374340.14,322986.34,714323.95
804,620937226-0,2019-11-19,Mercedes-Benz,NYSE,5369,GL-Class,90142.24,214895.63,228433.94
805,710501235-8,2020-01-16,Chevrolet,NASDAQ,9239,Express 3500,861347.18,565002.75,673752.98
806,709408402-1,2019-05-18,Saturn,NYSE,2923,VUE,977737.03,715401.91,330004.32
807,417428828-3,2019-12-13,Volvo,NASDAQ,7839,XC60,725613.17,361964.52,200825.55
808,074842826-7,2019-05-09,GMC,NYSE,7741,Yukon XL,397560.16,875911.27,135009.40
809,272201899-3,2019-12-21,Ford,NASDAQ,6545,Fusion,341218.24,642547.22,123138.56
810,678678677-4,2019-04-29,Mazda,NASDAQ,7152,Miata MX-5,498081.21,57305.29,946821.08
811,094259015-5,2019-05-15,Volvo,NASDAQ,2628,960,538034.15,512491.35,127019.14
812,117485638-6,2020-01-20,GMC,NYSE,3489,Savana 3500,345613.51,743646.64,683179.70
813,661627680-5,2019-08-28,Chrysler,NYSE,4530,Concorde,826663.76,865461.01,391174.21
814,980109400-1,2019-07-11,Oldsmobile,NASDAQ,5002,Custom Cruiser,730313.31,390163.17,668083.92
815,664849183-3,2019-10-11,Audi,NYSE,4442,A8,675042.69,605383.21,778068.74
816,340714866-6,2019-09-04,Honda,NYSE,3723,Ridgeline,781896.82,443003.91,576136.44
817,939441338-3,2020-03-04,Ford,NASDAQ,9648,Thunderbird,396015.05,248302.14,555372.70
818,952407875-9,2020-02-22,Mercury,NYSE,3359,Mountaineer,193980.52,997711.12,40133.54
819,827836965-8,2019-12-11,Volkswagen,NASDAQ,1383,Jetta,491848.61,596060.99,935173.20
820,835614308-X,2020-01-11,Land Rover,NYSE,6707,Range Rover,451802.15,96423.65,722942.05
821,988087805-1,2019-08-01,Acura,NASDAQ,6380,TSX,228500.49,541810.79,639946.98
822,212228889-2,2020-03-12,Dodge,NYSE,1259,Ram Van 3500,316967.17,366939.89,27436.81
823,309299179-6,2019-11-22,Lexus,NYSE,3770,GX,408129.91,223136.92,762973.41
824,581786857-1,2019-04-26,Ford,NASDAQ,6659,Mustang,765350.45,495743.33,822332.51
825,325695044-2,2020-01-22,Hyundai,NYSE,5464,Tucson,588129.35,29987.10,339761.47
826,169344861-0,2019-06-30,Audi,NASDAQ,5531,S4,510666.91,683891.28,390444.06
827,301963801-1,2019-09-01,Mercury,NYSE,2051,Grand Marquis,567246.78,17698.58,649114.09
828,886166877-1,2019-11-28,Ford,NYSE,3208,E150,515487.42,627084.08,811569.46
829,856363692-8,2019-04-16,GMC,NYSE,3019,Sonoma,352686.27,235730.01,567339.84
830,144198811-4,2019-08-22,Lexus,NYSE,8317,LX,420353.99,656122.97,327056.29
831,061845839-5,2019-05-01,Mitsubishi,NYSE,6713,Eclipse,230000.31,618466.37,410004.64
832,953784614-8,2019-11-07,Lexus,NASDAQ,9173,GS,906703.50,308776.03,429784.81
833,412680369-6,2019-07-20,Pontiac,NYSE,6060,Sunfire,654760.95,960463.63,341576.43
834,970153405-0,2019-05-21,Holden,NYSE,9318,VS Commodore,543088.30,663117.30,323753.06
835,024904895-7,2019-07-23,Mercury,NYSE,9729,Sable,660740.41,255488.50,943379.56
836,968348138-8,2019-11-16,Ford,NYSE,9476,Mustang,344213.00,976614.51,816400.01
837,889796213-0,2019-08-26,Hyundai,NYSE,1389,Santa Fe,501266.34,683720.39,121488.37
838,889496513-9,2019-04-28,Mitsubishi,NYSE,2523,Galant,854094.37,605143.78,455399.89
839,678929980-7,2019-07-12,GMC,NASDAQ,8037,3500 Club Coupe,881146.73,339221.16,672281.21
840,677741689-7,2019-05-19,Dodge,NASDAQ,1365,Caravan,886817.36,100074.65,569569.26
841,565899471-3,2019-07-19,Mazda,NYSE,8443,B-Series,518726.00,947124.67,89293.67
842,049361724-8,2020-03-06,Pontiac,NYSE,9626,LeMans,20842.12,481435.51,504222.71
843,819802994-X,2019-06-29,Hyundai,NASDAQ,6304,Tucson,641761.69,525658.60,709326.00
844,818833762-5,2019-12-29,Volvo,NASDAQ,7141,C70,741598.00,4802.49,862756.66
845,015259116-8,2019-04-19,Acura,NASDAQ,1621,NSX,870724.68,679264.94,138441.24
846,584737384-8,2020-02-17,Ford,NASDAQ,3579,F150,623797.51,805451.06,214529.48
847,992079870-3,2019-09-15,Chevrolet,NASDAQ,6626,Venture,699440.74,15835.94,182727.57
848,734417139-2,2019-07-06,Honda,NYSE,6038,Prelude,964657.30,960398.91,373705.96
849,552846163-4,2019-05-11,Mazda,NASDAQ,1631,B2600,219099.45,491995.38,832909.69
850,098372233-1,2019-11-24,Chevrolet,NASDAQ,5103,Impala,702964.11,388037.56,465380.28
851,628265780-6,2019-08-14,Mercury,NYSE,5452,Mystique,982047.09,800772.31,759612.92
852,035715836-9,2019-11-23,Lexus,NASDAQ,8780,ES,169571.42,773205.37,833669.73
853,288908660-7,2020-01-10,Hyundai,NASDAQ,8735,Tucson,34684.72,730413.53,92074.43
854,504499558-4,2019-12-28,Ford,NASDAQ,2534,Fusion,753745.85,123824.59,198368.52
855,034223192-8,2019-07-25,Hummer,NYSE,3368,H2,600398.09,258003.12,914854.60
856,845467456-X,2019-04-20,Chevrolet,NYSE,4184,TrailBlazer,967935.83,301272.38,306307.58
857,176178990-2,2019-12-08,Chevrolet,NYSE,9726,Express 3500,526939.53,288886.42,373401.16
858,475270149-9,2020-01-16,Toyota,NASDAQ,1048,Sienna,953919.57,988368.62,889865.62
859,277201232-8,2020-04-05,Chevrolet,NASDAQ,2824,TrailBlazer,369883.17,731226.77,323722.96
860,142995226-1,2019-06-26,Acura,NASDAQ,8030,RL,918287.71,103349.38,693927.82
861,218174534-X,2020-03-30,Ford,NYSE,6973,F250,78596.36,671762.13,680883.01
862,233041154-5,2019-08-26,Porsche,NYSE,2521,Boxster,377548.66,451509.58,135150.88
863,901629314-0,2019-08-09,Suzuki,NYSE,8635,Reno,436598.43,542094.77,804078.67
864,216345350-2,2019-11-27,Mercury,NYSE,4665,Marquis,990817.99,293788.05,909499.28
865,786123648-X,2019-07-06,Ford,NYSE,3167,F-Series,116734.92,406661.23,205035.56
866,683214107-6,2019-08-07,Dodge,NYSE,2166,Grand Caravan,207470.20,727696.41,999039.61
867,336545686-4,2019-10-11,Ford,NASDAQ,5777,F-Series,944435.78,989563.61,453836.16
868,866063656-2,2020-03-27,Chevrolet,NYSE,8725,3500,934862.96,732462.39,18872.46
869,991519015-8,2020-02-03,Toyota,NASDAQ,8068,MR2,82389.15,994754.01,83847.22
870,414068039-3,2019-06-15,Ford,NYSE,9278,Escort,503034.03,217440.78,513821.71
871,439573579-7,2020-01-17,Chrysler,NYSE,8042,Sebring,838785.23,608010.10,320932.10
872,116979197-2,2019-04-28,Isuzu,NYSE,9988,Rodeo,829913.35,452982.73,645947.89
873,088166509-6,2019-07-06,Dodge,NYSE,9597,Ram 3500,311531.86,404975.43,503356.98
874,963432515-7,2019-08-20,Ford,NASDAQ,3113,Edge,994259.23,158271.55,914240.91
875,060437020-2,2020-01-14,Hyundai,NASDAQ,6962,Tucson,114841.50,974208.42,866189.86
876,581004872-2,2019-08-17,Toyota,NASDAQ,4927,Avalon,542266.45,167105.30,728276.27
877,843643537-0,2019-06-15,Mazda,NYSE,3074,RX-7,383912.47,564584.23,106740.44
878,370343678-6,2019-07-17,Chevrolet,NYSE,4955,G-Series G10,455341.67,957520.33,167896.60
879,483928752-X,2019-07-20,Ford,NYSE,5151,Ranger,309572.85,16963.09,926108.64
880,118896931-5,2020-01-03,Toyota,NASDAQ,4543,Tacoma,589507.90,467669.96,861911.15
881,832033105-6,2019-11-23,Mercury,NYSE,8808,Villager,706490.94,763479.18,994922.71
882,519552636-2,2019-08-28,Lotus,NYSE,8535,Exige,801891.26,950172.59,872664.48
883,644265432-X,2019-10-20,MINI,NASDAQ,7972,Cooper,668538.09,788446.96,272495.20
884,960838332-3,2019-04-19,Porsche,NASDAQ,2637,911,967490.66,862122.13,167759.97
885,506304407-7,2019-04-22,Pontiac,NYSE,1926,Firebird,351639.73,238913.39,164555.78
886,652960310-7,2020-01-23,Mitsubishi,NASDAQ,5569,GTO,540281.46,619460.37,534432.80
887,637105101-6,2019-07-18,Saab,NASDAQ,5916,9000,310429.87,335311.06,829683.24
888,225142446-6,2019-08-04,Toyota,NASDAQ,9788,4Runner,484804.88,391634.39,904235.40
889,757692126-9,2019-05-22,Subaru,NASDAQ,4088,B9 Tribeca,938223.79,691293.66,771829.18
890,047997520-5,2019-07-14,BMW,NYSE,8213,M,95694.27,874022.64,158060.72
891,744141774-0,2019-07-04,Volkswagen,NYSE,2225,Golf,701059.55,886938.17,826857.17
892,856932082-5,2020-01-31,Kia,NASDAQ,7688,Sedona,819644.02,882822.91,425564.46
893,201550498-2,2020-03-29,Volkswagen,NASDAQ,6554,Golf,547515.18,779122.01,364951.81
894,148850059-2,2019-05-13,GMC,NYSE,8784,Yukon XL 1500,193551.98,677251.90,702508.99
895,328411366-5,2019-08-22,Chevrolet,NASDAQ,8296,Silverado 1500,590702.08,891815.81,260641.87
896,663153515-8,2020-02-12,Audi,NASDAQ,4539,V8,854594.65,645828.27,804137.49
897,275912686-2,2019-09-16,Nissan,NASDAQ,7269,Titan,892231.38,619059.02,917120.71
898,455732793-1,2019-12-22,Buick,NYSE,5606,Lucerne,915584.76,467439.49,482963.25
899,495696309-2,2019-09-07,Mitsubishi,NYSE,2703,Galant,843801.04,977597.83,464446.17
900,701376268-7,2019-12-24,Lexus,NYSE,8987,LX,316040.90,446434.53,522228.21
901,439939737-3,2020-01-22,Chevrolet,NYSE,8039,Camaro,525536.17,705240.75,123244.17
902,432220742-1,2019-12-31,Buick,NASDAQ,1794,Enclave,245846.53,456251.93,744818.35
903,439994563-X,2020-03-18,Honda,NASDAQ,7255,CR-V,472268.48,142266.44,670845.10
904,471724486-9,2020-01-05,BMW,NYSE,3160,M3,985682.46,467648.20,432475.73
905,633800113-7,2019-09-21,Honda,NYSE,8365,Insight,440781.43,793146.82,254204.64
906,543037878-X,2020-03-08,Ford,NYSE,3359,Excursion,2241.58,229488.25,284888.31
907,740128929-6,2019-11-17,Land Rover,NYSE,4799,Discovery,524429.13,106372.83,867693.15
908,618044580-X,2020-03-19,Mazda,NYSE,1833,Tribute,699803.64,713938.40,39790.97
909,110527456-X,2020-01-19,Bentley,NYSE,8657,Azure,372167.91,324112.58,878970.62
910,687645189-5,2019-05-19,Ford,NASDAQ,5678,F350,566529.47,346755.08,662115.52
911,927705643-6,2019-07-07,Dodge,NASDAQ,5094,Ram 3500 Club,518057.21,841356.97,34472.70
912,288492778-6,2019-08-01,Volvo,NASDAQ,9295,S80,791170.45,430467.33,821770.57
913,625087510-7,2019-11-05,Infiniti,NYSE,1462,Q,109613.19,128102.70,288089.82
914,816927998-4,2020-01-24,Honda,NYSE,7727,CR-V,720901.47,454304.94,864966.41
915,133391129-7,2019-12-17,Nissan,NASDAQ,9757,Xterra,582681.38,995856.54,822360.63
916,336926369-6,2020-03-30,Nissan,NYSE,9623,NV2500,335240.06,736685.33,975824.28
917,581533404-9,2019-12-11,Ford,NASDAQ,4657,Mustang,467520.76,361342.23,127578.49
918,085061784-7,2020-01-17,Honda,NYSE,6574,Prelude,888172.94,250639.14,516993.79
919,782722839-9,2019-11-02,Buick,NASDAQ,1336,LaCrosse,536225.47,194871.77,984270.87
920,950349518-0,2020-03-23,Mercedes-Benz,NYSE,6481,W126,977834.53,951765.02,328990.72
921,717796057-0,2019-06-05,Hyundai,NYSE,1282,Equus,161686.04,48562.30,625908.62
922,582207212-7,2019-12-21,Nissan,NASDAQ,4385,Armada,974152.89,647268.03,75110.75
923,853447835-X,2019-12-19,Saturn,NYSE,2605,L-Series,784787.20,60913.81,28341.76
924,129345496-6,2019-04-21,Mercury,NYSE,3291,Mariner,148213.70,361261.07,76288.67
925,407163890-7,2019-12-19,Buick,NASDAQ,3297,Coachbuilder,392303.64,831196.92,940640.83
926,459612434-5,2019-08-09,Dodge,NASDAQ,1758,Omni,432701.90,827436.36,172846.69
927,776212796-8,2019-06-26,Dodge,NYSE,6930,Ram 1500 Club,831225.11,476175.03,403680.45
928,490420707-6,2020-01-05,Hyundai,NASDAQ,9537,Tiburon,300013.58,25708.98,945109.53
929,033046668-2,2020-03-21,Acura,NYSE,9632,Integra,99737.83,247569.77,620403.93
930,410175980-4,2019-09-05,MINI,NYSE,8090,Cooper Clubman,158625.18,814597.34,882935.87
931,941653956-2,2019-10-01,Volvo,NASDAQ,1258,S70,723274.29,792550.79,226540.59
932,960435766-2,2019-04-12,Hyundai,NASDAQ,6670,Tiburon,466577.69,522031.18,683026.74
933,150349339-3,2019-06-17,Chrysler,NASDAQ,5470,Town & Country,284945.47,851171.08,823657.21
934,224036808-X,2019-09-03,Toyota,NYSE,5441,Corolla,210318.81,259668.56,301452.80
935,774951379-5,2019-07-29,Chrysler,NYSE,9967,300M,424648.51,188581.94,895438.96
936,861765674-3,2019-09-30,Isuzu,NYSE,7770,Axiom,556618.98,635608.15,242657.36
937,704821292-6,2019-05-24,Pontiac,NYSE,4824,Grand Prix,777103.04,596821.22,536048.72
938,873166123-8,2019-06-25,Toyota,NASDAQ,1775,Matrix,312865.02,133855.57,901259.63
939,989292933-0,2019-04-20,Audi,NASDAQ,1854,S6,331673.06,971467.19,772404.63
940,424575077-4,2019-07-05,Jeep,NYSE,9614,Cherokee,377179.74,295026.47,874613.56
941,884419822-3,2019-11-06,Chevrolet,NASDAQ,9748,Silverado 1500,240057.40,843509.55,46753.37
942,144911437-7,2019-09-10,Cadillac,NYSE,3920,Eldorado,336085.99,485858.37,661782.61
943,959683206-9,2019-06-22,MINI,NASDAQ,3395,Cooper,209769.04,93652.62,108007.55
944,789487706-9,2019-12-01,Mercury,NASDAQ,3735,Lynx,144304.77,685812.24,862486.17
945,318414333-3,2019-11-24,Mazda,NYSE,4376,B-Series,486453.17,649380.54,568093.13
946,037753034-4,2019-10-12,Dodge,NASDAQ,5845,Ram 1500 Club,917379.25,544905.87,927732.98
947,726603889-8,2020-01-02,Infiniti,NASDAQ,9947,Q,205939.87,2091.42,742675.10
948,570825932-9,2020-01-20,BMW,NYSE,5124,5 Series,771473.88,610939.38,322527.95
949,770999826-7,2019-10-22,Toyota,NYSE,5914,Echo,32855.95,709801.38,622144.59
950,851753897-8,2019-12-03,Jeep,NASDAQ,6863,Wrangler,469069.05,405100.70,393412.90
951,427403006-7,2020-01-10,Ford,NASDAQ,6154,Fusion,349612.38,765805.85,441441.04
952,024907372-2,2020-02-14,Pontiac,NYSE,7110,G6,92967.23,216990.88,708501.55
953,357926399-4,2019-09-18,Buick,NASDAQ,1895,LeSabre,70217.63,481210.31,472813.49
954,190291837-1,2020-01-06,Saab,NYSE,5215,9-5,769887.38,110428.38,335437.36
955,014361148-8,2020-02-28,Lincoln,NYSE,8765,Zephyr,605200.69,989444.83,633517.58
956,388643958-5,2020-02-19,Toyota,NYSE,1159,Prius c,23095.19,615681.58,776373.35
957,216741070-0,2019-11-03,Lexus,NASDAQ,4102,GS,918353.52,644531.92,200158.00
958,401637958-X,2019-09-04,Porsche,NASDAQ,8157,944,597255.71,259240.12,25145.75
959,483974961-2,2019-05-24,Mazda,NYSE,4346,MX-5,246533.80,271125.33,732111.65
960,794509889-4,2020-03-13,Kia,NYSE,2641,Spectra,504103.52,738624.39,161366.41
961,480637795-3,2019-11-16,Toyota,NYSE,8951,Previa,330886.07,158814.63,687257.74
962,285577362-8,2020-02-19,Saab,NASDAQ,4582,900,852842.32,339344.96,949326.94
963,119351957-8,2020-03-04,Mitsubishi,NYSE,7304,Mirage,125432.17,544265.27,58703.57
964,060466881-3,2019-06-02,Chevrolet,NASDAQ,3073,Silverado 2500,366403.14,495590.27,494299.96
965,600324941-2,2019-07-23,Porsche,NYSE,4270,911,211083.69,758361.38,205903.03
966,235171422-9,2019-08-19,Suzuki,NASDAQ,6093,Daewoo Lacetti,975615.27,418208.93,743962.29
967,582621826-6,2019-11-11,Subaru,NASDAQ,7692,BRZ,172095.54,105364.78,830312.92
968,718517491-0,2020-01-10,Mazda,NASDAQ,5338,Miata MX-5,960482.38,744856.14,122815.44
969,948329154-2,2019-07-01,Dodge,NASDAQ,7151,Viper,52927.28,208421.25,107549.51
970,562653984-0,2020-02-12,Mitsubishi,NASDAQ,6216,Galant,125414.19,192713.45,65826.57
971,482146900-6,2020-01-23,Toyota,NASDAQ,1700,Land Cruiser,810929.36,876649.09,573828.57
972,451197541-8,2019-05-13,Audi,NASDAQ,9094,S4,523464.01,654209.42,153962.00
973,952515932-9,2020-03-06,Rolls-Royce,NASDAQ,2779,Ghost,749291.26,609170.87,775331.08
974,647652438-0,2019-06-10,Volvo,NASDAQ,5985,V70,753805.62,935691.05,476084.45
975,167915664-0,2019-05-07,Volkswagen,NASDAQ,3003,Eos,750399.57,744261.16,725686.73
976,477650626-2,2019-06-19,Chevrolet,NASDAQ,3018,3500,516768.56,869470.98,585431.39
977,480132649-8,2019-06-21,Ford,NASDAQ,5934,F150,751811.27,388714.10,744630.70
978,819441330-3,2019-12-30,Maybach,NYSE,8767,Landaulet,49338.75,97051.40,578670.50
979,350648473-7,2020-02-16,Hyundai,NASDAQ,4301,Elantra,87121.67,468741.34,735167.89
980,710024161-8,2019-04-10,Mitsubishi,NASDAQ,1207,Eclipse,27208.86,887029.65,279531.52
981,270688318-9,2019-06-25,BMW,NASDAQ,5497,Z3,926829.27,597121.67,727750.52
982,970510326-7,2020-02-08,Honda,NASDAQ,9356,Crosstour,955306.14,807053.92,869851.49
983,957566734-4,2019-05-09,Volvo,NYSE,4545,S90,578738.99,795882.52,256718.46
984,382746754-3,2020-01-26,BMW,NYSE,3034,760,36370.17,481222.52,512132.78
985,518879739-9,2020-02-28,Mercedes-Benz,NYSE,2415,C-Class,315205.28,559554.22,953467.71
986,653384136-X,2019-07-20,GMC,NASDAQ,9637,Sonoma,31697.26,802092.31,716100.82
987,897086331-1,2020-02-18,Toyota,NYSE,8095,Highlander Hybrid,892697.49,845985.55,903839.42
988,479959889-9,2019-05-21,Lotus,NASDAQ,2660,Elan,379659.21,17446.32,610045.16
989,259013411-8,2019-07-22,Honda,NYSE,9492,CR-V,876755.11,806572.55,249345.08
990,684954656-2,2019-05-18,Audi,NYSE,1939,A4,34191.99,113868.67,645072.41
991,808776694-6,2019-12-16,Volvo,NASDAQ,5073,C70,925606.45,937877.61,852540.34
992,459737774-3,2020-03-05,Mazda,NYSE,4589,MX-5,556661.00,105751.55,62760.10
993,709193522-5,2020-01-30,Subaru,NYSE,7191,Outback,156715.12,957287.59,511938.63
994,433216421-0,2019-11-30,Cadillac,NASDAQ,7882,Escalade EXT,685876.62,122675.02,169652.28
995,647746371-7,2020-02-03,Toyota,NYSE,9816,Tacoma Xtra,149508.74,70520.79,883090.72
996,975517860-0,2019-05-31,Cadillac,NYSE,4778,Seville,234138.58,367101.61,298622.05
997,753796209-X,2019-11-19,Ford,NYSE,2122,F150,497002.79,660639.90,174148.03
998,735189401-9,2019-10-29,Volkswagen,NYSE,2339,R32,982922.08,88001.83,277422.64
999,647447522-6,2020-04-05,Audi,NYSE,8038,80,670209.96,32494.52,649445.08
1000,534556770-0,2019-04-18,Pontiac,NASDAQ,2094,Aztek,889042.44,760491.50,791247.62